capacity_practice_area_id,core_capacity_area_id,core_capacity_area_name,capacity_practice_area_code,capacity_practice_area_name,capacity_practice_area_definition,guiding_standard_or_principle,indicator_standard_id,global_standard_commitment,example_course_addressable_gap,example_performance_goal,example_practical_proof,default_target_learner_group_id,typical_ksme_diagnosis,typical_course_fit_decision,safeguarding_sensitivity_hint,monitoring_dashboard_category,annex4_source_section,display_order,active_status
CPA_GOV_001,CCA_01_GOV,Internal Governance and Leadership,CPA_GOV_001,Board roles and responsibilities,"Assesses whether the CSO has a clear, documented, and consistently applied practice for board roles and responsibilities.",The organization should demonstrate a practical and evidence-informed approach to board roles and responsibilities.,DGNEAR_SO3_1,GS_C12,Relevant staff cannot consistently apply or document board roles and responsibilities in day-to-day organizational practice.,Use a simple tool or procedure to apply board roles and responsibilities in a realistic CSO task.,"Completed worksheet, checklist, or redacted work sample demonstrating board roles and responsibilities.",TLG_BOARD,Knowledge,Course-addressable,Low,Internal Governance and Leadership,Annex 4 — Internal Governance and Leadership,1,Active
CPA_GOV_002,CCA_01_GOV,Internal Governance and Leadership,CPA_GOV_002,Management-board relationship,"Assesses whether the CSO has a clear, documented, and consistently applied practice for management-board relationship.",The organization should demonstrate a practical and evidence-informed approach to management-board relationship.,DGNEAR_SO3_1,GS_C12,Relevant staff cannot consistently apply or document management-board relationship in day-to-day organizational practice.,Use a simple tool or procedure to apply management-board relationship in a realistic CSO task.,"Completed worksheet, checklist, or redacted work sample demonstrating management-board relationship.",TLG_BOARD,Skill,Course-addressable,Low,Internal Governance and Leadership,Annex 4 — Internal Governance and Leadership,2,Active
CPA_GOV_003,CCA_01_GOV,Internal Governance and Leadership,CPA_GOV_003,Decision documentation,"Assesses whether the CSO has a clear, documented, and consistently applied practice for decision documentation.",The organization should demonstrate a practical and evidence-informed approach to decision documentation.,DGNEAR_SO3_1,GS_C12,Relevant staff cannot consistently apply or document decision documentation in day-to-day organizational practice.,Use a simple tool or procedure to apply decision documentation in a realistic CSO task.,"Completed worksheet, checklist, or redacted work sample demonstrating decision documentation.",TLG_BOARD,Knowledge,Partly course-addressable,Low,Internal Governance and Leadership,Annex 4 — Internal Governance and Leadership,3,Active
CPA_GOV_004,CCA_01_GOV,Internal Governance and Leadership,CPA_GOV_004,Conflict of interest,"Assesses whether the CSO has a clear, documented, and consistently applied practice for conflict of interest.",The organization should demonstrate a practical and evidence-informed approach to conflict of interest.,DGNEAR_SO3_1,GS_C12,Relevant staff cannot consistently apply or document conflict of interest in day-to-day organizational practice.,Use a simple tool or procedure to apply conflict of interest in a realistic CSO task.,"Completed worksheet, checklist, or redacted work sample demonstrating conflict of interest.",TLG_BOARD,Skill,Course-addressable,Low,Internal Governance and Leadership,Annex 4 — Internal Governance and Leadership,4,Active
CPA_GOV_005,CCA_01_GOV,Internal Governance and Leadership,CPA_GOV_005,Leadership accountability,"Assesses whether the CSO has a clear, documented, and consistently applied practice for leadership accountability.",The organization should demonstrate a practical and evidence-informed approach to leadership accountability.,DGNEAR_SO3_1,GS_C12,Relevant staff cannot consistently apply or document leadership accountability in day-to-day organizational practice.,Use a simple tool or procedure to apply leadership accountability in a realistic CSO task.,"Completed worksheet, checklist, or redacted work sample demonstrating leadership accountability.",TLG_BOARD,Knowledge,Course-addressable,Low,Internal Governance and Leadership,Annex 4 — Internal Governance and Leadership,5,Active
CPA_GOV_006,CCA_01_GOV,Internal Governance and Leadership,CPA_GOV_006,Strategic oversight,"Assesses whether the CSO has a clear, documented, and consistently applied practice for strategic oversight.",The organization should demonstrate a practical and evidence-informed approach to strategic oversight.,DGNEAR_SO3_1,GS_C12,Relevant staff cannot consistently apply or document strategic oversight in day-to-day organizational practice.,Use a simple tool or procedure to apply strategic oversight in a realistic CSO task.,"Completed worksheet, checklist, or redacted work sample demonstrating strategic oversight.",TLG_BOARD,Skill,Partly course-addressable,Low,Internal Governance and Leadership,Annex 4 — Internal Governance and Leadership,6,Active
CPA_GOV_007,CCA_01_GOV,Internal Governance and Leadership,CPA_GOV_007,Governance meetings,"Assesses whether the CSO has a clear, documented, and consistently applied practice for governance meetings.",The organization should demonstrate a practical and evidence-informed approach to governance meetings.,DGNEAR_SO3_1,GS_C12,Relevant staff cannot consistently apply or document governance meetings in day-to-day organizational practice.,Use a simple tool or procedure to apply governance meetings in a realistic CSO task.,"Completed worksheet, checklist, or redacted work sample demonstrating governance meetings.",TLG_BOARD,Knowledge,Course-addressable,Low,Internal Governance and Leadership,Annex 4 — Internal Governance and Leadership,7,Active
CPA_GOV_008,CCA_01_GOV,Internal Governance and Leadership,CPA_GOV_008,Internal policies,"Assesses whether the CSO has a clear, documented, and consistently applied practice for internal policies.",The organization should demonstrate a practical and evidence-informed approach to internal policies.,DGNEAR_SO3_1,GS_C12,Relevant staff cannot consistently apply or document internal policies in day-to-day organizational practice.,Use a simple tool or procedure to apply internal policies in a realistic CSO task.,"Completed worksheet, checklist, or redacted work sample demonstrating internal policies.",TLG_BOARD,Skill,Course-addressable,Low,Internal Governance and Leadership,Annex 4 — Internal Governance and Leadership,8,Active
CPA_GOV_009,CCA_01_GOV,Internal Governance and Leadership,CPA_GOV_009,Ethical decision-making,"Assesses whether the CSO has a clear, documented, and consistently applied practice for ethical decision-making.",The organization should demonstrate a practical and evidence-informed approach to ethical decision-making.,DGNEAR_SO3_1,GS_C12,Relevant staff cannot consistently apply or document ethical decision-making in day-to-day organizational practice.,Use a simple tool or procedure to apply ethical decision-making in a realistic CSO task.,"Completed worksheet, checklist, or redacted work sample demonstrating ethical decision-making.",TLG_BOARD,Knowledge,Partly course-addressable,Low,Internal Governance and Leadership,Annex 4 — Internal Governance and Leadership,9,Active
CPA_GOV_010,CCA_01_GOV,Internal Governance and Leadership,CPA_GOV_010,Leadership transition,"Assesses whether the CSO has a clear, documented, and consistently applied practice for leadership transition.",The organization should demonstrate a practical and evidence-informed approach to leadership transition.,DGNEAR_SO3_1,GS_C12,Relevant staff cannot consistently apply or document leadership transition in day-to-day organizational practice.,Use a simple tool or procedure to apply leadership transition in a realistic CSO task.,"Completed worksheet, checklist, or redacted work sample demonstrating leadership transition.",TLG_BOARD,Skill,Course-addressable,Low,Internal Governance and Leadership,Annex 4 — Internal Governance and Leadership,10,Active
CPA_ACC_001,CCA_02_ACC,Transparency and Accountability,CPA_ACC_001,Public information sharing,"Assesses whether the CSO has a clear, documented, and consistently applied practice for public information sharing.",The organization should demonstrate a practical and evidence-informed approach to public information sharing.,DGNEAR_SO3_3,GS_C08; GS_C11,Relevant staff cannot consistently apply or document public information sharing in day-to-day organizational practice.,Use a simple tool or procedure to apply public information sharing in a realistic CSO task.,"Completed worksheet, checklist, or redacted work sample demonstrating public information sharing.",TLG_PROGRAM_MANAGER,Knowledge,Course-addressable,Low,Transparency and Accountability,Annex 4 — Transparency and Accountability,1,Active
CPA_ACC_002,CCA_02_ACC,Transparency and Accountability,CPA_ACC_002,Accessible project information,"Assesses whether the CSO has a clear, documented, and consistently applied practice for accessible project information.",The organization should demonstrate a practical and evidence-informed approach to accessible project information.,DGNEAR_SO3_3,GS_C08; GS_C11,Relevant staff cannot consistently apply or document accessible project information in day-to-day organizational practice.,Use a simple tool or procedure to apply accessible project information in a realistic CSO task.,"Completed worksheet, checklist, or redacted work sample demonstrating accessible project information.",TLG_PROGRAM_MANAGER,Skill,Course-addressable,Low,Transparency and Accountability,Annex 4 — Transparency and Accountability,2,Active
CPA_ACC_003,CCA_02_ACC,Transparency and Accountability,CPA_ACC_003,Funding transparency,"Assesses whether the CSO has a clear, documented, and consistently applied practice for funding transparency.",The organization should demonstrate a practical and evidence-informed approach to funding transparency.,DGNEAR_SO3_3,GS_C08; GS_C11,Relevant staff cannot consistently apply or document funding transparency in day-to-day organizational practice.,Use a simple tool or procedure to apply funding transparency in a realistic CSO task.,"Completed worksheet, checklist, or redacted work sample demonstrating funding transparency.",TLG_PROGRAM_MANAGER,Knowledge,Partly course-addressable,Low,Transparency and Accountability,Annex 4 — Transparency and Accountability,3,Active
CPA_ACC_004,CCA_02_ACC,Transparency and Accountability,CPA_ACC_004,Community feedback,"Assesses whether the CSO has a clear, documented, and consistently applied practice for community feedback.",The organization should demonstrate a practical and evidence-informed approach to community feedback.,DGNEAR_SO3_3,GS_C08; GS_C11,Relevant staff cannot consistently apply or document community feedback in day-to-day organizational practice.,Use a simple tool or procedure to apply community feedback in a realistic CSO task.,"Completed worksheet, checklist, or redacted work sample demonstrating community feedback.",TLG_PROGRAM_MANAGER,Skill,Course-addressable,Low,Transparency and Accountability,Annex 4 — Transparency and Accountability,4,Active
CPA_ACC_005,CCA_02_ACC,Transparency and Accountability,CPA_ACC_005,Complaints handling,"Assesses whether the CSO has a clear, documented, and consistently applied practice for complaints handling.",The organization should demonstrate a practical and evidence-informed approach to complaints handling.,DGNEAR_SO3_3,GS_C08; GS_C11,Relevant staff cannot consistently apply or document complaints handling in day-to-day organizational practice.,Use a simple tool or procedure to apply complaints handling in a realistic CSO task.,"Completed worksheet, checklist, or redacted work sample demonstrating complaints handling.",TLG_PROGRAM_MANAGER,Knowledge,Course-addressable,Low,Transparency and Accountability,Annex 4 — Transparency and Accountability,5,Active
CPA_ACC_006,CCA_02_ACC,Transparency and Accountability,CPA_ACC_006,Stakeholder communication,"Assesses whether the CSO has a clear, documented, and consistently applied practice for stakeholder communication.",The organization should demonstrate a practical and evidence-informed approach to stakeholder communication.,DGNEAR_SO3_3,GS_C08; GS_C11,Relevant staff cannot consistently apply or document stakeholder communication in day-to-day organizational practice.,Use a simple tool or procedure to apply stakeholder communication in a realistic CSO task.,"Completed worksheet, checklist, or redacted work sample demonstrating stakeholder communication.",TLG_PROGRAM_MANAGER,Skill,Partly course-addressable,Low,Transparency and Accountability,Annex 4 — Transparency and Accountability,6,Active
CPA_ACC_007,CCA_02_ACC,Transparency and Accountability,CPA_ACC_007,Accountability reporting,"Assesses whether the CSO has a clear, documented, and consistently applied practice for accountability reporting.",The organization should demonstrate a practical and evidence-informed approach to accountability reporting.,DGNEAR_SO3_3,GS_C08; GS_C11,Relevant staff cannot consistently apply or document accountability reporting in day-to-day organizational practice.,Use a simple tool or procedure to apply accountability reporting in a realistic CSO task.,"Completed worksheet, checklist, or redacted work sample demonstrating accountability reporting.",TLG_PROGRAM_MANAGER,Knowledge,Course-addressable,Low,Transparency and Accountability,Annex 4 — Transparency and Accountability,7,Active
CPA_ACC_008,CCA_02_ACC,Transparency and Accountability,CPA_ACC_008,Feedback response,"Assesses whether the CSO has a clear, documented, and consistently applied practice for feedback response.",The organization should demonstrate a practical and evidence-informed approach to feedback response.,DGNEAR_SO3_3,GS_C08; GS_C11,Relevant staff cannot consistently apply or document feedback response in day-to-day organizational practice.,Use a simple tool or procedure to apply feedback response in a realistic CSO task.,"Completed worksheet, checklist, or redacted work sample demonstrating feedback response.",TLG_PROGRAM_MANAGER,Skill,Course-addressable,Low,Transparency and Accountability,Annex 4 — Transparency and Accountability,8,Active
CPA_ACC_009,CCA_02_ACC,Transparency and Accountability,CPA_ACC_009,Open organization practice,"Assesses whether the CSO has a clear, documented, and consistently applied practice for open organization practice.",The organization should demonstrate a practical and evidence-informed approach to open organization practice.,DGNEAR_SO3_3,GS_C08; GS_C11,Relevant staff cannot consistently apply or document open organization practice in day-to-day organizational practice.,Use a simple tool or procedure to apply open organization practice in a realistic CSO task.,"Completed worksheet, checklist, or redacted work sample demonstrating open organization practice.",TLG_PROGRAM_MANAGER,Knowledge,Partly course-addressable,Low,Transparency and Accountability,Annex 4 — Transparency and Accountability,9,Active
CPA_ACC_010,CCA_02_ACC,Transparency and Accountability,CPA_ACC_010,Trust-building,"Assesses whether the CSO has a clear, documented, and consistently applied practice for trust-building.",The organization should demonstrate a practical and evidence-informed approach to trust-building.,DGNEAR_SO3_3,GS_C08; GS_C11,Relevant staff cannot consistently apply or document trust-building in day-to-day organizational practice.,Use a simple tool or procedure to apply trust-building in a realistic CSO task.,"Completed worksheet, checklist, or redacted work sample demonstrating trust-building.",TLG_PROGRAM_MANAGER,Skill,Course-addressable,Low,Transparency and Accountability,Annex 4 — Transparency and Accountability,10,Active
CPA_STR_001,CCA_03_STR,Strategic Planning and Organizational Sustainability,CPA_STR_001,Mission clarity,"Assesses whether the CSO has a clear, documented, and consistently applied practice for mission clarity.",The organization should demonstrate a practical and evidence-informed approach to mission clarity.,DGNEAR_SO3_1,GS_C04; GS_C11,Relevant staff cannot consistently apply or document mission clarity in day-to-day organizational practice.,Use a simple tool or procedure to apply mission clarity in a realistic CSO task.,"Completed worksheet, checklist, or redacted work sample demonstrating mission clarity.",TLG_EXEC_LEADER,Knowledge,Course-addressable,Low,Strategic Planning and Organizational Sustainability,Annex 4 — Strategic Planning and Organizational Sustainability,1,Active
CPA_STR_002,CCA_03_STR,Strategic Planning and Organizational Sustainability,CPA_STR_002,Organizational identity,"Assesses whether the CSO has a clear, documented, and consistently applied practice for organizational identity.",The organization should demonstrate a practical and evidence-informed approach to organizational identity.,DGNEAR_SO3_1,GS_C04; GS_C11,Relevant staff cannot consistently apply or document organizational identity in day-to-day organizational practice.,Use a simple tool or procedure to apply organizational identity in a realistic CSO task.,"Completed worksheet, checklist, or redacted work sample demonstrating organizational identity.",TLG_EXEC_LEADER,Skill,Course-addressable,Low,Strategic Planning and Organizational Sustainability,Annex 4 — Strategic Planning and Organizational Sustainability,2,Active
CPA_STR_003,CCA_03_STR,Strategic Planning and Organizational Sustainability,CPA_STR_003,Strategic priorities,"Assesses whether the CSO has a clear, documented, and consistently applied practice for strategic priorities.",The organization should demonstrate a practical and evidence-informed approach to strategic priorities.,DGNEAR_SO3_1,GS_C04; GS_C11,Relevant staff cannot consistently apply or document strategic priorities in day-to-day organizational practice.,Use a simple tool or procedure to apply strategic priorities in a realistic CSO task.,"Completed worksheet, checklist, or redacted work sample demonstrating strategic priorities.",TLG_EXEC_LEADER,Knowledge,Partly course-addressable,Low,Strategic Planning and Organizational Sustainability,Annex 4 — Strategic Planning and Organizational Sustainability,3,Active
CPA_STR_004,CCA_03_STR,Strategic Planning and Organizational Sustainability,CPA_STR_004,Operational planning,"Assesses whether the CSO has a clear, documented, and consistently applied practice for operational planning.",The organization should demonstrate a practical and evidence-informed approach to operational planning.,DGNEAR_SO3_1,GS_C04; GS_C11,Relevant staff cannot consistently apply or document operational planning in day-to-day organizational practice.,Use a simple tool or procedure to apply operational planning in a realistic CSO task.,"Completed worksheet, checklist, or redacted work sample demonstrating operational planning.",TLG_EXEC_LEADER,Skill,Course-addressable,Low,Strategic Planning and Organizational Sustainability,Annex 4 — Strategic Planning and Organizational Sustainability,4,Active
CPA_STR_005,CCA_03_STR,Strategic Planning and Organizational Sustainability,CPA_STR_005,Risk management,"Assesses whether the CSO has a clear, documented, and consistently applied practice for risk management.",The organization should demonstrate a practical and evidence-informed approach to risk management.,DGNEAR_SO3_1,GS_C04; GS_C11,Relevant staff cannot consistently apply or document risk management in day-to-day organizational practice.,Use a simple tool or procedure to apply risk management in a realistic CSO task.,"Completed worksheet, checklist, or redacted work sample demonstrating risk management.",TLG_EXEC_LEADER,Knowledge,Course-addressable,Low,Strategic Planning and Organizational Sustainability,Annex 4 — Strategic Planning and Organizational Sustainability,5,Active
CPA_STR_006,CCA_03_STR,Strategic Planning and Organizational Sustainability,CPA_STR_006,Sustainability planning,"Assesses whether the CSO has a clear, documented, and consistently applied practice for sustainability planning.",The organization should demonstrate a practical and evidence-informed approach to sustainability planning.,DGNEAR_SO3_1,GS_C04; GS_C11,Relevant staff cannot consistently apply or document sustainability planning in day-to-day organizational practice.,Use a simple tool or procedure to apply sustainability planning in a realistic CSO task.,"Completed worksheet, checklist, or redacted work sample demonstrating sustainability planning.",TLG_EXEC_LEADER,Skill,Partly course-addressable,Low,Strategic Planning and Organizational Sustainability,Annex 4 — Strategic Planning and Organizational Sustainability,6,Active
CPA_STR_007,CCA_03_STR,Strategic Planning and Organizational Sustainability,CPA_STR_007,Adaptation and learning,"Assesses whether the CSO has a clear, documented, and consistently applied practice for adaptation and learning.",The organization should demonstrate a practical and evidence-informed approach to adaptation and learning.,DGNEAR_SO3_1,GS_C04; GS_C11,Relevant staff cannot consistently apply or document adaptation and learning in day-to-day organizational practice.,Use a simple tool or procedure to apply adaptation and learning in a realistic CSO task.,"Completed worksheet, checklist, or redacted work sample demonstrating adaptation and learning.",TLG_EXEC_LEADER,Knowledge,Course-addressable,Low,Strategic Planning and Organizational Sustainability,Annex 4 — Strategic Planning and Organizational Sustainability,7,Active
CPA_STR_008,CCA_03_STR,Strategic Planning and Organizational Sustainability,CPA_STR_008,Scenario planning,"Assesses whether the CSO has a clear, documented, and consistently applied practice for scenario planning.",The organization should demonstrate a practical and evidence-informed approach to scenario planning.,DGNEAR_SO3_1,GS_C04; GS_C11,Relevant staff cannot consistently apply or document scenario planning in day-to-day organizational practice.,Use a simple tool or procedure to apply scenario planning in a realistic CSO task.,"Completed worksheet, checklist, or redacted work sample demonstrating scenario planning.",TLG_EXEC_LEADER,Skill,Course-addressable,Low,Strategic Planning and Organizational Sustainability,Annex 4 — Strategic Planning and Organizational Sustainability,8,Active
CPA_STR_009,CCA_03_STR,Strategic Planning and Organizational Sustainability,CPA_STR_009,Organizational SWOT,"Assesses whether the CSO has a clear, documented, and consistently applied practice for organizational swot.",The organization should demonstrate a practical and evidence-informed approach to organizational swot.,DGNEAR_SO3_1,GS_C04; GS_C11,Relevant staff cannot consistently apply or document organizational swot in day-to-day organizational practice.,Use a simple tool or procedure to apply organizational swot in a realistic CSO task.,"Completed worksheet, checklist, or redacted work sample demonstrating organizational swot.",TLG_EXEC_LEADER,Knowledge,Partly course-addressable,Low,Strategic Planning and Organizational Sustainability,Annex 4 — Strategic Planning and Organizational Sustainability,9,Active
CPA_STR_010,CCA_03_STR,Strategic Planning and Organizational Sustainability,CPA_STR_010,Planning-to-action linkage,"Assesses whether the CSO has a clear, documented, and consistently applied practice for planning-to-action linkage.",The organization should demonstrate a practical and evidence-informed approach to planning-to-action linkage.,DGNEAR_SO3_1,GS_C04; GS_C11,Relevant staff cannot consistently apply or document planning-to-action linkage in day-to-day organizational practice.,Use a simple tool or procedure to apply planning-to-action linkage in a realistic CSO task.,"Completed worksheet, checklist, or redacted work sample demonstrating planning-to-action linkage.",TLG_EXEC_LEADER,Skill,Course-addressable,Low,Strategic Planning and Organizational Sustainability,Annex 4 — Strategic Planning and Organizational Sustainability,10,Active
CPA_FIN_001,CCA_04_FIN,Financial Management and Resource Mobilization,CPA_FIN_001,Basic budgeting,"Assesses whether the CSO has a clear, documented, and consistently applied practice for basic budgeting.",The organization should demonstrate a practical and evidence-informed approach to basic budgeting.,DGNEAR_SO3_7,GS_C10,Relevant staff cannot consistently apply or document basic budgeting in day-to-day organizational practice.,Use a simple tool or procedure to apply basic budgeting in a realistic CSO task.,"Completed worksheet, checklist, or redacted work sample demonstrating basic budgeting.",TLG_FINANCE_ADMIN,Knowledge,Course-addressable,Low,Financial Management and Resource Mobilization,Annex 4 — Financial Management and Resource Mobilization,1,Active
CPA_FIN_002,CCA_04_FIN,Financial Management and Resource Mobilization,CPA_FIN_002,Donor budget justification,"Assesses whether the CSO has a clear, documented, and consistently applied practice for donor budget justification.",The organization should demonstrate a practical and evidence-informed approach to donor budget justification.,DGNEAR_SO3_7,GS_C10,Relevant staff cannot consistently apply or document donor budget justification in day-to-day organizational practice.,Use a simple tool or procedure to apply donor budget justification in a realistic CSO task.,"Completed worksheet, checklist, or redacted work sample demonstrating donor budget justification.",TLG_FINANCE_ADMIN,Skill,Course-addressable,Low,Financial Management and Resource Mobilization,Annex 4 — Financial Management and Resource Mobilization,2,Active
CPA_FIN_003,CCA_04_FIN,Financial Management and Resource Mobilization,CPA_FIN_003,Financial documentation,"Assesses whether the CSO has a clear, documented, and consistently applied practice for financial documentation.",The organization should demonstrate a practical and evidence-informed approach to financial documentation.,DGNEAR_SO3_7,GS_C10,Relevant staff cannot consistently apply or document financial documentation in day-to-day organizational practice.,Use a simple tool or procedure to apply financial documentation in a realistic CSO task.,"Completed worksheet, checklist, or redacted work sample demonstrating financial documentation.",TLG_FINANCE_ADMIN,Knowledge,Partly course-addressable,Low,Financial Management and Resource Mobilization,Annex 4 — Financial Management and Resource Mobilization,3,Active
CPA_FIN_004,CCA_04_FIN,Financial Management and Resource Mobilization,CPA_FIN_004,Internal controls,"Assesses whether the CSO has a clear, documented, and consistently applied practice for internal controls.",The organization should demonstrate a practical and evidence-informed approach to internal controls.,DGNEAR_SO3_7,GS_C10,Relevant staff cannot consistently apply or document internal controls in day-to-day organizational practice.,Use a simple tool or procedure to apply internal controls in a realistic CSO task.,"Completed worksheet, checklist, or redacted work sample demonstrating internal controls.",TLG_FINANCE_ADMIN,Skill,Course-addressable,Low,Financial Management and Resource Mobilization,Annex 4 — Financial Management and Resource Mobilization,4,Active
CPA_FIN_005,CCA_04_FIN,Financial Management and Resource Mobilization,CPA_FIN_005,Financial reporting,"Assesses whether the CSO has a clear, documented, and consistently applied practice for financial reporting.",The organization should demonstrate a practical and evidence-informed approach to financial reporting.,DGNEAR_SO3_7,GS_C10,Relevant staff cannot consistently apply or document financial reporting in day-to-day organizational practice.,Use a simple tool or procedure to apply financial reporting in a realistic CSO task.,"Completed worksheet, checklist, or redacted work sample demonstrating financial reporting.",TLG_FINANCE_ADMIN,Knowledge,Course-addressable,Low,Financial Management and Resource Mobilization,Annex 4 — Financial Management and Resource Mobilization,5,Active
CPA_FIN_006,CCA_04_FIN,Financial Management and Resource Mobilization,CPA_FIN_006,Funding diversification,"Assesses whether the CSO has a clear, documented, and consistently applied practice for funding diversification.",The organization should demonstrate a practical and evidence-informed approach to funding diversification.,DGNEAR_SO3_7,GS_C10,Relevant staff cannot consistently apply or document funding diversification in day-to-day organizational practice.,Use a simple tool or procedure to apply funding diversification in a realistic CSO task.,"Completed worksheet, checklist, or redacted work sample demonstrating funding diversification.",TLG_FINANCE_ADMIN,Skill,Partly course-addressable,Low,Financial Management and Resource Mobilization,Annex 4 — Financial Management and Resource Mobilization,6,Active
CPA_FIN_007,CCA_04_FIN,Financial Management and Resource Mobilization,CPA_FIN_007,Donor mapping,"Assesses whether the CSO has a clear, documented, and consistently applied practice for donor mapping.",The organization should demonstrate a practical and evidence-informed approach to donor mapping.,DGNEAR_SO3_7,GS_C10,Relevant staff cannot consistently apply or document donor mapping in day-to-day organizational practice.,Use a simple tool or procedure to apply donor mapping in a realistic CSO task.,"Completed worksheet, checklist, or redacted work sample demonstrating donor mapping.",TLG_FINANCE_ADMIN,Knowledge,Course-addressable,Low,Financial Management and Resource Mobilization,Annex 4 — Financial Management and Resource Mobilization,7,Active
CPA_FIN_008,CCA_04_FIN,Financial Management and Resource Mobilization,CPA_FIN_008,Fundraising plan,"Assesses whether the CSO has a clear, documented, and consistently applied practice for fundraising plan.",The organization should demonstrate a practical and evidence-informed approach to fundraising plan.,DGNEAR_SO3_7,GS_C10,Relevant staff cannot consistently apply or document fundraising plan in day-to-day organizational practice.,Use a simple tool or procedure to apply fundraising plan in a realistic CSO task.,"Completed worksheet, checklist, or redacted work sample demonstrating fundraising plan.",TLG_FINANCE_ADMIN,Skill,Course-addressable,Low,Financial Management and Resource Mobilization,Annex 4 — Financial Management and Resource Mobilization,8,Active
CPA_FIN_009,CCA_04_FIN,Financial Management and Resource Mobilization,CPA_FIN_009,Social enterprise readiness,"Assesses whether the CSO has a clear, documented, and consistently applied practice for social enterprise readiness.",The organization should demonstrate a practical and evidence-informed approach to social enterprise readiness.,DGNEAR_SO3_7,GS_C10,Relevant staff cannot consistently apply or document social enterprise readiness in day-to-day organizational practice.,Use a simple tool or procedure to apply social enterprise readiness in a realistic CSO task.,"Completed worksheet, checklist, or redacted work sample demonstrating social enterprise readiness.",TLG_FINANCE_ADMIN,Knowledge,Partly course-addressable,Low,Financial Management and Resource Mobilization,Annex 4 — Financial Management and Resource Mobilization,9,Active
CPA_FIN_010,CCA_04_FIN,Financial Management and Resource Mobilization,CPA_FIN_010,Financial transparency,"Assesses whether the CSO has a clear, documented, and consistently applied practice for financial transparency.",The organization should demonstrate a practical and evidence-informed approach to financial transparency.,DGNEAR_SO3_7,GS_C10,Relevant staff cannot consistently apply or document financial transparency in day-to-day organizational practice.,Use a simple tool or procedure to apply financial transparency in a realistic CSO task.,"Completed worksheet, checklist, or redacted work sample demonstrating financial transparency.",TLG_FINANCE_ADMIN,Skill,Course-addressable,Low,Financial Management and Resource Mobilization,Annex 4 — Financial Management and Resource Mobilization,10,Active
CPA_HR_001,CCA_05_HR,"Human Resources, Inclusion, and Safeguarding",CPA_HR_001,Recruitment,"Assesses whether the CSO has a clear, documented, and consistently applied practice for recruitment.",The organization should demonstrate a practical and evidence-informed approach to recruitment.,DGNEAR_SO3_8,GS_C09; GS_C02,Relevant staff cannot consistently apply or document recruitment in day-to-day organizational practice.,Use a simple tool or procedure to apply recruitment in a realistic CSO task.,"Completed worksheet, checklist, or redacted work sample demonstrating recruitment.",TLG_HR_ADMIN,Knowledge,Course-addressable,Moderate,"Human Resources, Inclusion, and Safeguarding","Annex 4 — Human Resources, Inclusion, and Safeguarding",1,Active
CPA_HR_002,CCA_05_HR,"Human Resources, Inclusion, and Safeguarding",CPA_HR_002,Staff onboarding,"Assesses whether the CSO has a clear, documented, and consistently applied practice for staff onboarding.",The organization should demonstrate a practical and evidence-informed approach to staff onboarding.,DGNEAR_SO3_8,GS_C09; GS_C02,Relevant staff cannot consistently apply or document staff onboarding in day-to-day organizational practice.,Use a simple tool or procedure to apply staff onboarding in a realistic CSO task.,"Completed worksheet, checklist, or redacted work sample demonstrating staff onboarding.",TLG_HR_ADMIN,Skill,Course-addressable,Moderate,"Human Resources, Inclusion, and Safeguarding","Annex 4 — Human Resources, Inclusion, and Safeguarding",2,Active
CPA_HR_003,CCA_05_HR,"Human Resources, Inclusion, and Safeguarding",CPA_HR_003,Volunteer management,"Assesses whether the CSO has a clear, documented, and consistently applied practice for volunteer management.",The organization should demonstrate a practical and evidence-informed approach to volunteer management.,DGNEAR_SO3_8,GS_C09; GS_C02,Relevant staff cannot consistently apply or document volunteer management in day-to-day organizational practice.,Use a simple tool or procedure to apply volunteer management in a realistic CSO task.,"Completed worksheet, checklist, or redacted work sample demonstrating volunteer management.",TLG_HR_ADMIN,Knowledge,Partly course-addressable,Moderate,"Human Resources, Inclusion, and Safeguarding","Annex 4 — Human Resources, Inclusion, and Safeguarding",3,Active
CPA_HR_004,CCA_05_HR,"Human Resources, Inclusion, and Safeguarding",CPA_HR_004,Role clarity,"Assesses whether the CSO has a clear, documented, and consistently applied practice for role clarity.",The organization should demonstrate a practical and evidence-informed approach to role clarity.,DGNEAR_SO3_8,GS_C09; GS_C02,Relevant staff cannot consistently apply or document role clarity in day-to-day organizational practice.,Use a simple tool or procedure to apply role clarity in a realistic CSO task.,"Completed worksheet, checklist, or redacted work sample demonstrating role clarity.",TLG_HR_ADMIN,Skill,Course-addressable,Moderate,"Human Resources, Inclusion, and Safeguarding","Annex 4 — Human Resources, Inclusion, and Safeguarding",4,Active
CPA_HR_005,CCA_05_HR,"Human Resources, Inclusion, and Safeguarding",CPA_HR_005,Staff development,"Assesses whether the CSO has a clear, documented, and consistently applied practice for staff development.",The organization should demonstrate a practical and evidence-informed approach to staff development.,DGNEAR_SO3_8,GS_C09; GS_C02,Relevant staff cannot consistently apply or document staff development in day-to-day organizational practice.,Use a simple tool or procedure to apply staff development in a realistic CSO task.,"Completed worksheet, checklist, or redacted work sample demonstrating staff development.",TLG_HR_ADMIN,Knowledge,Course-addressable,Moderate,"Human Resources, Inclusion, and Safeguarding","Annex 4 — Human Resources, Inclusion, and Safeguarding",5,Active
CPA_HR_006,CCA_05_HR,"Human Resources, Inclusion, and Safeguarding",CPA_HR_006,Inclusion and diversity,"Assesses whether the CSO has a clear, documented, and consistently applied practice for inclusion and diversity.",The organization should demonstrate a practical and evidence-informed approach to inclusion and diversity.,DGNEAR_SO3_8,GS_C09; GS_C02,Relevant staff cannot consistently apply or document inclusion and diversity in day-to-day organizational practice.,Use a simple tool or procedure to apply inclusion and diversity in a realistic CSO task.,"Completed worksheet, checklist, or redacted work sample demonstrating inclusion and diversity.",TLG_HR_ADMIN,Skill,Partly course-addressable,Moderate,"Human Resources, Inclusion, and Safeguarding","Annex 4 — Human Resources, Inclusion, and Safeguarding",6,Active
CPA_HR_007,CCA_05_HR,"Human Resources, Inclusion, and Safeguarding",CPA_HR_007,Gender mainstreaming,"Assesses whether the CSO has a clear, documented, and consistently applied practice for gender mainstreaming.",The organization should demonstrate a practical and evidence-informed approach to gender mainstreaming.,DGNEAR_SO3_8,GS_C09; GS_C02,Relevant staff cannot consistently apply or document gender mainstreaming in day-to-day organizational practice.,Use a simple tool or procedure to apply gender mainstreaming in a realistic CSO task.,"Completed worksheet, checklist, or redacted work sample demonstrating gender mainstreaming.",TLG_HR_ADMIN,Knowledge,Course-addressable,Moderate,"Human Resources, Inclusion, and Safeguarding","Annex 4 — Human Resources, Inclusion, and Safeguarding",7,Active
CPA_HR_008,CCA_05_HR,"Human Resources, Inclusion, and Safeguarding",CPA_HR_008,Safeguarding policies,"Assesses whether the CSO has a clear, documented, and consistently applied practice for safeguarding policies.",The organization should demonstrate a practical and evidence-informed approach to safeguarding policies.,DGNEAR_SO3_8,GS_C09; GS_C02,Relevant staff cannot consistently apply or document safeguarding policies in day-to-day organizational practice.,Use a simple tool or procedure to apply safeguarding policies in a realistic CSO task.,"Completed worksheet, checklist, or redacted work sample demonstrating safeguarding policies.",TLG_HR_ADMIN,Skill,Course-addressable,Moderate,"Human Resources, Inclusion, and Safeguarding","Annex 4 — Human Resources, Inclusion, and Safeguarding",8,Active
CPA_HR_009,CCA_05_HR,"Human Resources, Inclusion, and Safeguarding",CPA_HR_009,Referral pathways,"Assesses whether the CSO has a clear, documented, and consistently applied practice for referral pathways.",The organization should demonstrate a practical and evidence-informed approach to referral pathways.,DGNEAR_SO3_8,GS_C09; GS_C02,Relevant staff cannot consistently apply or document referral pathways in day-to-day organizational practice.,Use a simple tool or procedure to apply referral pathways in a realistic CSO task.,"Completed worksheet, checklist, or redacted work sample demonstrating referral pathways.",TLG_HR_ADMIN,Knowledge,Partly course-addressable,Moderate,"Human Resources, Inclusion, and Safeguarding","Annex 4 — Human Resources, Inclusion, and Safeguarding",9,Active
CPA_HR_010,CCA_05_HR,"Human Resources, Inclusion, and Safeguarding",CPA_HR_010,Duty of care,"Assesses whether the CSO has a clear, documented, and consistently applied practice for duty of care.",The organization should demonstrate a practical and evidence-informed approach to duty of care.,DGNEAR_SO3_8,GS_C09; GS_C02,Relevant staff cannot consistently apply or document duty of care in day-to-day organizational practice.,Use a simple tool or procedure to apply duty of care in a realistic CSO task.,"Completed worksheet, checklist, or redacted work sample demonstrating duty of care.",TLG_HR_ADMIN,Skill,Course-addressable,Moderate,"Human Resources, Inclusion, and Safeguarding","Annex 4 — Human Resources, Inclusion, and Safeguarding",10,Active
CPA_HR_011,CCA_05_HR,"Human Resources, Inclusion, and Safeguarding",CPA_HR_011,Safe reporting,"Assesses whether the CSO has a clear, documented, and consistently applied practice for safe reporting.",The organization should demonstrate a practical and evidence-informed approach to safe reporting.,DGNEAR_SO3_8,GS_C09; GS_C02,Relevant staff cannot consistently apply or document safe reporting in day-to-day organizational practice.,Use a simple tool or procedure to apply safe reporting in a realistic CSO task.,"Completed worksheet, checklist, or redacted work sample demonstrating safe reporting.",TLG_HR_ADMIN,Knowledge,Course-addressable,Moderate,"Human Resources, Inclusion, and Safeguarding","Annex 4 — Human Resources, Inclusion, and Safeguarding",11,Active
CPA_ADV_001,CCA_06_ADV,Evidence-Based Advocacy and Civic Engagement,CPA_ADV_001,Evidence use,"Assesses whether the CSO has a clear, documented, and consistently applied practice for evidence use.",The organization should demonstrate a practical and evidence-informed approach to evidence use.,DGNEAR_SO3_5,GS_C07; GS_C05,Relevant staff cannot consistently apply or document evidence use in day-to-day organizational practice.,Use a simple tool or procedure to apply evidence use in a realistic CSO task.,"Completed worksheet, checklist, or redacted work sample demonstrating evidence use.",TLG_ADVOCACY_COMMUNICATIONS,Knowledge,Course-addressable,Moderate,Evidence-Based Advocacy and Civic Engagement,Annex 4 — Evidence-Based Advocacy and Civic Engagement,1,Active
CPA_ADV_002,CCA_06_ADV,Evidence-Based Advocacy and Civic Engagement,CPA_ADV_002,Stakeholder mapping,"Assesses whether the CSO has a clear, documented, and consistently applied practice for stakeholder mapping.",The organization should demonstrate a practical and evidence-informed approach to stakeholder mapping.,DGNEAR_SO3_5,GS_C07; GS_C05,Relevant staff cannot consistently apply or document stakeholder mapping in day-to-day organizational practice.,Use a simple tool or procedure to apply stakeholder mapping in a realistic CSO task.,"Completed worksheet, checklist, or redacted work sample demonstrating stakeholder mapping.",TLG_ADVOCACY_COMMUNICATIONS,Skill,Course-addressable,Moderate,Evidence-Based Advocacy and Civic Engagement,Annex 4 — Evidence-Based Advocacy and Civic Engagement,2,Active
CPA_ADV_003,CCA_06_ADV,Evidence-Based Advocacy and Civic Engagement,CPA_ADV_003,Policy message drafting,"Assesses whether the CSO has a clear, documented, and consistently applied practice for policy message drafting.",The organization should demonstrate a practical and evidence-informed approach to policy message drafting.,DGNEAR_SO3_5,GS_C07; GS_C05,Relevant staff cannot consistently apply or document policy message drafting in day-to-day organizational practice.,Use a simple tool or procedure to apply policy message drafting in a realistic CSO task.,"Completed worksheet, checklist, or redacted work sample demonstrating policy message drafting.",TLG_ADVOCACY_COMMUNICATIONS,Knowledge,Partly course-addressable,Moderate,Evidence-Based Advocacy and Civic Engagement,Annex 4 — Evidence-Based Advocacy and Civic Engagement,3,Active
CPA_ADV_004,CCA_06_ADV,Evidence-Based Advocacy and Civic Engagement,CPA_ADV_004,Consultation participation,"Assesses whether the CSO has a clear, documented, and consistently applied practice for consultation participation.",The organization should demonstrate a practical and evidence-informed approach to consultation participation.,DGNEAR_SO3_5,GS_C07; GS_C05,Relevant staff cannot consistently apply or document consultation participation in day-to-day organizational practice.,Use a simple tool or procedure to apply consultation participation in a realistic CSO task.,"Completed worksheet, checklist, or redacted work sample demonstrating consultation participation.",TLG_ADVOCACY_COMMUNICATIONS,Skill,Course-addressable,Moderate,Evidence-Based Advocacy and Civic Engagement,Annex 4 — Evidence-Based Advocacy and Civic Engagement,4,Active
CPA_ADV_005,CCA_06_ADV,Evidence-Based Advocacy and Civic Engagement,CPA_ADV_005,Constituency voice,"Assesses whether the CSO has a clear, documented, and consistently applied practice for constituency voice.",The organization should demonstrate a practical and evidence-informed approach to constituency voice.,DGNEAR_SO3_5,GS_C07; GS_C05,Relevant staff cannot consistently apply or document constituency voice in day-to-day organizational practice.,Use a simple tool or procedure to apply constituency voice in a realistic CSO task.,"Completed worksheet, checklist, or redacted work sample demonstrating constituency voice.",TLG_ADVOCACY_COMMUNICATIONS,Knowledge,Course-addressable,Moderate,Evidence-Based Advocacy and Civic Engagement,Annex 4 — Evidence-Based Advocacy and Civic Engagement,5,Active
CPA_ADV_006,CCA_06_ADV,Evidence-Based Advocacy and Civic Engagement,CPA_ADV_006,Rights-holder engagement,"Assesses whether the CSO has a clear, documented, and consistently applied practice for rights-holder engagement.",The organization should demonstrate a practical and evidence-informed approach to rights-holder engagement.,DGNEAR_SO3_5,GS_C07; GS_C05,Relevant staff cannot consistently apply or document rights-holder engagement in day-to-day organizational practice.,Use a simple tool or procedure to apply rights-holder engagement in a realistic CSO task.,"Completed worksheet, checklist, or redacted work sample demonstrating rights-holder engagement.",TLG_ADVOCACY_COMMUNICATIONS,Skill,Partly course-addressable,Moderate,Evidence-Based Advocacy and Civic Engagement,Annex 4 — Evidence-Based Advocacy and Civic Engagement,6,Active
CPA_ADV_007,CCA_06_ADV,Evidence-Based Advocacy and Civic Engagement,CPA_ADV_007,Safe advocacy language,"Assesses whether the CSO has a clear, documented, and consistently applied practice for safe advocacy language.",The organization should demonstrate a practical and evidence-informed approach to safe advocacy language.,DGNEAR_SO3_5,GS_C07; GS_C05,Relevant staff cannot consistently apply or document safe advocacy language in day-to-day organizational practice.,Use a simple tool or procedure to apply safe advocacy language in a realistic CSO task.,"Completed worksheet, checklist, or redacted work sample demonstrating safe advocacy language.",TLG_ADVOCACY_COMMUNICATIONS,Knowledge,Course-addressable,Moderate,Evidence-Based Advocacy and Civic Engagement,Annex 4 — Evidence-Based Advocacy and Civic Engagement,7,Active
CPA_ADV_008,CCA_06_ADV,Evidence-Based Advocacy and Civic Engagement,CPA_ADV_008,Policy brief writing,"Assesses whether the CSO has a clear, documented, and consistently applied practice for policy brief writing.",The organization should demonstrate a practical and evidence-informed approach to policy brief writing.,DGNEAR_SO3_5,GS_C07; GS_C05,Relevant staff cannot consistently apply or document policy brief writing in day-to-day organizational practice.,Use a simple tool or procedure to apply policy brief writing in a realistic CSO task.,"Completed worksheet, checklist, or redacted work sample demonstrating policy brief writing.",TLG_ADVOCACY_COMMUNICATIONS,Skill,Course-addressable,Moderate,Evidence-Based Advocacy and Civic Engagement,Annex 4 — Evidence-Based Advocacy and Civic Engagement,8,Active
CPA_ADV_009,CCA_06_ADV,Evidence-Based Advocacy and Civic Engagement,CPA_ADV_009,Civic-space risk awareness,"Assesses whether the CSO has a clear, documented, and consistently applied practice for civic-space risk awareness.",The organization should demonstrate a practical and evidence-informed approach to civic-space risk awareness.,DGNEAR_SO3_5,GS_C07; GS_C05,Relevant staff cannot consistently apply or document civic-space risk awareness in day-to-day organizational practice.,Use a simple tool or procedure to apply civic-space risk awareness in a realistic CSO task.,"Completed worksheet, checklist, or redacted work sample demonstrating civic-space risk awareness.",TLG_ADVOCACY_COMMUNICATIONS,Knowledge,Partly course-addressable,Moderate,Evidence-Based Advocacy and Civic Engagement,Annex 4 — Evidence-Based Advocacy and Civic Engagement,9,Active
CPA_ADV_010,CCA_06_ADV,Evidence-Based Advocacy and Civic Engagement,CPA_ADV_010,Advocacy documentation,"Assesses whether the CSO has a clear, documented, and consistently applied practice for advocacy documentation.",The organization should demonstrate a practical and evidence-informed approach to advocacy documentation.,DGNEAR_SO3_5,GS_C07; GS_C05,Relevant staff cannot consistently apply or document advocacy documentation in day-to-day organizational practice.,Use a simple tool or procedure to apply advocacy documentation in a realistic CSO task.,"Completed worksheet, checklist, or redacted work sample demonstrating advocacy documentation.",TLG_ADVOCACY_COMMUNICATIONS,Skill,Course-addressable,Moderate,Evidence-Based Advocacy and Civic Engagement,Annex 4 — Evidence-Based Advocacy and Civic Engagement,10,Active
CPA_MEAL_001,CCA_07_MEAL,"Monitoring, Evaluation, Accountability, and Learning",CPA_MEAL_001,Indicators,"Assesses whether the CSO has a clear, documented, and consistently applied practice for indicators.",The organization should demonstrate a practical and evidence-informed approach to indicators.,DGNEAR_SO3_4,GS_C11,Relevant staff cannot consistently apply or document indicators in day-to-day organizational practice.,Use a simple tool or procedure to apply indicators in a realistic CSO task.,"Completed worksheet, checklist, or redacted work sample demonstrating indicators.",TLG_MEAL_OFFICER,Knowledge,Course-addressable,Low,"Monitoring, Evaluation, Accountability, and Learning","Annex 4 — Monitoring, Evaluation, Accountability, and Learning",1,Active
CPA_MEAL_002,CCA_07_MEAL,"Monitoring, Evaluation, Accountability, and Learning",CPA_MEAL_002,Output vs outcome evidence,"Assesses whether the CSO has a clear, documented, and consistently applied practice for output vs outcome evidence.",The organization should demonstrate a practical and evidence-informed approach to output vs outcome evidence.,DGNEAR_SO3_4,GS_C11,Relevant staff cannot consistently apply or document output vs outcome evidence in day-to-day organizational practice.,Use a simple tool or procedure to apply output vs outcome evidence in a realistic CSO task.,"Completed worksheet, checklist, or redacted work sample demonstrating output vs outcome evidence.",TLG_MEAL_OFFICER,Skill,Course-addressable,Low,"Monitoring, Evaluation, Accountability, and Learning","Annex 4 — Monitoring, Evaluation, Accountability, and Learning",2,Active
CPA_MEAL_003,CCA_07_MEAL,"Monitoring, Evaluation, Accountability, and Learning",CPA_MEAL_003,Data collection,"Assesses whether the CSO has a clear, documented, and consistently applied practice for data collection.",The organization should demonstrate a practical and evidence-informed approach to data collection.,DGNEAR_SO3_4,GS_C11,Relevant staff cannot consistently apply or document data collection in day-to-day organizational practice.,Use a simple tool or procedure to apply data collection in a realistic CSO task.,"Completed worksheet, checklist, or redacted work sample demonstrating data collection.",TLG_MEAL_OFFICER,Knowledge,Partly course-addressable,Low,"Monitoring, Evaluation, Accountability, and Learning","Annex 4 — Monitoring, Evaluation, Accountability, and Learning",3,Active
CPA_MEAL_004,CCA_07_MEAL,"Monitoring, Evaluation, Accountability, and Learning",CPA_MEAL_004,Data quality,"Assesses whether the CSO has a clear, documented, and consistently applied practice for data quality.",The organization should demonstrate a practical and evidence-informed approach to data quality.,DGNEAR_SO3_4,GS_C11,Relevant staff cannot consistently apply or document data quality in day-to-day organizational practice.,Use a simple tool or procedure to apply data quality in a realistic CSO task.,"Completed worksheet, checklist, or redacted work sample demonstrating data quality.",TLG_MEAL_OFFICER,Skill,Course-addressable,Low,"Monitoring, Evaluation, Accountability, and Learning","Annex 4 — Monitoring, Evaluation, Accountability, and Learning",4,Active
CPA_MEAL_005,CCA_07_MEAL,"Monitoring, Evaluation, Accountability, and Learning",CPA_MEAL_005,Learning reviews,"Assesses whether the CSO has a clear, documented, and consistently applied practice for learning reviews.",The organization should demonstrate a practical and evidence-informed approach to learning reviews.,DGNEAR_SO3_4,GS_C11,Relevant staff cannot consistently apply or document learning reviews in day-to-day organizational practice.,Use a simple tool or procedure to apply learning reviews in a realistic CSO task.,"Completed worksheet, checklist, or redacted work sample demonstrating learning reviews.",TLG_MEAL_OFFICER,Knowledge,Course-addressable,Low,"Monitoring, Evaluation, Accountability, and Learning","Annex 4 — Monitoring, Evaluation, Accountability, and Learning",5,Active
CPA_MEAL_006,CCA_07_MEAL,"Monitoring, Evaluation, Accountability, and Learning",CPA_MEAL_006,Feedback use,"Assesses whether the CSO has a clear, documented, and consistently applied practice for feedback use.",The organization should demonstrate a practical and evidence-informed approach to feedback use.,DGNEAR_SO3_4,GS_C11,Relevant staff cannot consistently apply or document feedback use in day-to-day organizational practice.,Use a simple tool or procedure to apply feedback use in a realistic CSO task.,"Completed worksheet, checklist, or redacted work sample demonstrating feedback use.",TLG_MEAL_OFFICER,Skill,Partly course-addressable,Low,"Monitoring, Evaluation, Accountability, and Learning","Annex 4 — Monitoring, Evaluation, Accountability, and Learning",6,Active
CPA_MEAL_007,CCA_07_MEAL,"Monitoring, Evaluation, Accountability, and Learning",CPA_MEAL_007,Adaptive decisions,"Assesses whether the CSO has a clear, documented, and consistently applied practice for adaptive decisions.",The organization should demonstrate a practical and evidence-informed approach to adaptive decisions.,DGNEAR_SO3_4,GS_C11,Relevant staff cannot consistently apply or document adaptive decisions in day-to-day organizational practice.,Use a simple tool or procedure to apply adaptive decisions in a realistic CSO task.,"Completed worksheet, checklist, or redacted work sample demonstrating adaptive decisions.",TLG_MEAL_OFFICER,Knowledge,Course-addressable,Low,"Monitoring, Evaluation, Accountability, and Learning","Annex 4 — Monitoring, Evaluation, Accountability, and Learning",7,Active
CPA_MEAL_008,CCA_07_MEAL,"Monitoring, Evaluation, Accountability, and Learning",CPA_MEAL_008,Reporting,"Assesses whether the CSO has a clear, documented, and consistently applied practice for reporting.",The organization should demonstrate a practical and evidence-informed approach to reporting.,DGNEAR_SO3_4,GS_C11,Relevant staff cannot consistently apply or document reporting in day-to-day organizational practice.,Use a simple tool or procedure to apply reporting in a realistic CSO task.,"Completed worksheet, checklist, or redacted work sample demonstrating reporting.",TLG_MEAL_OFFICER,Skill,Course-addressable,Low,"Monitoring, Evaluation, Accountability, and Learning","Annex 4 — Monitoring, Evaluation, Accountability, and Learning",8,Active
CPA_MEAL_009,CCA_07_MEAL,"Monitoring, Evaluation, Accountability, and Learning",CPA_MEAL_009,Community accountability,"Assesses whether the CSO has a clear, documented, and consistently applied practice for community accountability.",The organization should demonstrate a practical and evidence-informed approach to community accountability.,DGNEAR_SO3_4,GS_C11,Relevant staff cannot consistently apply or document community accountability in day-to-day organizational practice.,Use a simple tool or procedure to apply community accountability in a realistic CSO task.,"Completed worksheet, checklist, or redacted work sample demonstrating community accountability.",TLG_MEAL_OFFICER,Knowledge,Partly course-addressable,Low,"Monitoring, Evaluation, Accountability, and Learning","Annex 4 — Monitoring, Evaluation, Accountability, and Learning",9,Active
CPA_MEAL_010,CCA_07_MEAL,"Monitoring, Evaluation, Accountability, and Learning",CPA_MEAL_010,Evidence statements,"Assesses whether the CSO has a clear, documented, and consistently applied practice for evidence statements.",The organization should demonstrate a practical and evidence-informed approach to evidence statements.,DGNEAR_SO3_4,GS_C11,Relevant staff cannot consistently apply or document evidence statements in day-to-day organizational practice.,Use a simple tool or procedure to apply evidence statements in a realistic CSO task.,"Completed worksheet, checklist, or redacted work sample demonstrating evidence statements.",TLG_MEAL_OFFICER,Skill,Course-addressable,Low,"Monitoring, Evaluation, Accountability, and Learning","Annex 4 — Monitoring, Evaluation, Accountability, and Learning",10,Active
CPA_DIG_001,CCA_08_DIG,Digital Skills and Data Use / IT Competencies,CPA_DIG_001,Spreadsheet basics,"Assesses whether the CSO has a clear, documented, and consistently applied practice for spreadsheet basics.",The organization should demonstrate a practical and evidence-informed approach to spreadsheet basics.,DEC_DIGITAL_DATA_RESP,GS_C08; GS_C11,Relevant staff cannot consistently apply or document spreadsheet basics in day-to-day organizational practice.,Use a simple tool or procedure to apply spreadsheet basics in a realistic CSO task.,"Completed worksheet, checklist, or redacted work sample demonstrating spreadsheet basics.",TLG_PROJECT_OFFICER,Knowledge,Course-addressable,Moderate,Digital Skills and Data Use / IT Competencies,Annex 4 — Digital Skills and Data Use / IT Competencies,1,Active
CPA_DIG_002,CCA_08_DIG,Digital Skills and Data Use / IT Competencies,CPA_DIG_002,Digital forms,"Assesses whether the CSO has a clear, documented, and consistently applied practice for digital forms.",The organization should demonstrate a practical and evidence-informed approach to digital forms.,DEC_DIGITAL_DATA_RESP,GS_C08; GS_C11,Relevant staff cannot consistently apply or document digital forms in day-to-day organizational practice.,Use a simple tool or procedure to apply digital forms in a realistic CSO task.,"Completed worksheet, checklist, or redacted work sample demonstrating digital forms.",TLG_PROJECT_OFFICER,Skill,Course-addressable,Moderate,Digital Skills and Data Use / IT Competencies,Annex 4 — Digital Skills and Data Use / IT Competencies,2,Active
CPA_DIG_003,CCA_08_DIG,Digital Skills and Data Use / IT Competencies,CPA_DIG_003,File organization,"Assesses whether the CSO has a clear, documented, and consistently applied practice for file organization.",The organization should demonstrate a practical and evidence-informed approach to file organization.,DEC_DIGITAL_DATA_RESP,GS_C08; GS_C11,Relevant staff cannot consistently apply or document file organization in day-to-day organizational practice.,Use a simple tool or procedure to apply file organization in a realistic CSO task.,"Completed worksheet, checklist, or redacted work sample demonstrating file organization.",TLG_PROJECT_OFFICER,Knowledge,Partly course-addressable,Moderate,Digital Skills and Data Use / IT Competencies,Annex 4 — Digital Skills and Data Use / IT Competencies,3,Active
CPA_DIG_004,CCA_08_DIG,Digital Skills and Data Use / IT Competencies,CPA_DIG_004,Data cleaning,"Assesses whether the CSO has a clear, documented, and consistently applied practice for data cleaning.",The organization should demonstrate a practical and evidence-informed approach to data cleaning.,DEC_DIGITAL_DATA_RESP,GS_C08; GS_C11,Relevant staff cannot consistently apply or document data cleaning in day-to-day organizational practice.,Use a simple tool or procedure to apply data cleaning in a realistic CSO task.,"Completed worksheet, checklist, or redacted work sample demonstrating data cleaning.",TLG_PROJECT_OFFICER,Skill,Course-addressable,Moderate,Digital Skills and Data Use / IT Competencies,Annex 4 — Digital Skills and Data Use / IT Competencies,4,Active
CPA_DIG_005,CCA_08_DIG,Digital Skills and Data Use / IT Competencies,CPA_DIG_005,Dashboard interpretation,"Assesses whether the CSO has a clear, documented, and consistently applied practice for dashboard interpretation.",The organization should demonstrate a practical and evidence-informed approach to dashboard interpretation.,DEC_DIGITAL_DATA_RESP,GS_C08; GS_C11,Relevant staff cannot consistently apply or document dashboard interpretation in day-to-day organizational practice.,Use a simple tool or procedure to apply dashboard interpretation in a realistic CSO task.,"Completed worksheet, checklist, or redacted work sample demonstrating dashboard interpretation.",TLG_PROJECT_OFFICER,Knowledge,Course-addressable,Moderate,Digital Skills and Data Use / IT Competencies,Annex 4 — Digital Skills and Data Use / IT Competencies,5,Active
CPA_DIG_006,CCA_08_DIG,Digital Skills and Data Use / IT Competencies,CPA_DIG_006,Online collaboration,"Assesses whether the CSO has a clear, documented, and consistently applied practice for online collaboration.",The organization should demonstrate a practical and evidence-informed approach to online collaboration.,DEC_DIGITAL_DATA_RESP,GS_C08; GS_C11,Relevant staff cannot consistently apply or document online collaboration in day-to-day organizational practice.,Use a simple tool or procedure to apply online collaboration in a realistic CSO task.,"Completed worksheet, checklist, or redacted work sample demonstrating online collaboration.",TLG_PROJECT_OFFICER,Skill,Partly course-addressable,Moderate,Digital Skills and Data Use / IT Competencies,Annex 4 — Digital Skills and Data Use / IT Competencies,6,Active
CPA_DIG_007,CCA_08_DIG,Digital Skills and Data Use / IT Competencies,CPA_DIG_007,Digital reporting,"Assesses whether the CSO has a clear, documented, and consistently applied practice for digital reporting.",The organization should demonstrate a practical and evidence-informed approach to digital reporting.,DEC_DIGITAL_DATA_RESP,GS_C08; GS_C11,Relevant staff cannot consistently apply or document digital reporting in day-to-day organizational practice.,Use a simple tool or procedure to apply digital reporting in a realistic CSO task.,"Completed worksheet, checklist, or redacted work sample demonstrating digital reporting.",TLG_PROJECT_OFFICER,Knowledge,Course-addressable,Moderate,Digital Skills and Data Use / IT Competencies,Annex 4 — Digital Skills and Data Use / IT Competencies,7,Active
CPA_DIG_008,CCA_08_DIG,Digital Skills and Data Use / IT Competencies,CPA_DIG_008,Data protection,"Assesses whether the CSO has a clear, documented, and consistently applied practice for data protection.",The organization should demonstrate a practical and evidence-informed approach to data protection.,DEC_DIGITAL_DATA_RESP,GS_C08; GS_C11,Relevant staff cannot consistently apply or document data protection in day-to-day organizational practice.,Use a simple tool or procedure to apply data protection in a realistic CSO task.,"Completed worksheet, checklist, or redacted work sample demonstrating data protection.",TLG_PROJECT_OFFICER,Skill,Course-addressable,Moderate,Digital Skills and Data Use / IT Competencies,Annex 4 — Digital Skills and Data Use / IT Competencies,8,Active
CPA_DIG_009,CCA_08_DIG,Digital Skills and Data Use / IT Competencies,CPA_DIG_009,Safe AI use,"Assesses whether the CSO has a clear, documented, and consistently applied practice for safe ai use.",The organization should demonstrate a practical and evidence-informed approach to safe ai use.,DEC_DIGITAL_DATA_RESP,GS_C08; GS_C11,Relevant staff cannot consistently apply or document safe ai use in day-to-day organizational practice.,Use a simple tool or procedure to apply safe ai use in a realistic CSO task.,"Completed worksheet, checklist, or redacted work sample demonstrating safe ai use.",TLG_PROJECT_OFFICER,Knowledge,Partly course-addressable,Moderate,Digital Skills and Data Use / IT Competencies,Annex 4 — Digital Skills and Data Use / IT Competencies,9,Active
CPA_DIG_010,CCA_08_DIG,Digital Skills and Data Use / IT Competencies,CPA_DIG_010,Low-bandwidth digital practice,"Assesses whether the CSO has a clear, documented, and consistently applied practice for low-bandwidth digital practice.",The organization should demonstrate a practical and evidence-informed approach to low-bandwidth digital practice.,DEC_DIGITAL_DATA_RESP,GS_C08; GS_C11,Relevant staff cannot consistently apply or document low-bandwidth digital practice in day-to-day organizational practice.,Use a simple tool or procedure to apply low-bandwidth digital practice in a realistic CSO task.,"Completed worksheet, checklist, or redacted work sample demonstrating low-bandwidth digital practice.",TLG_PROJECT_OFFICER,Skill,Course-addressable,Moderate,Digital Skills and Data Use / IT Competencies,Annex 4 — Digital Skills and Data Use / IT Competencies,10,Active
CPA_NET_001,CCA_09_NET,"Networking, Partnerships, and Collective Action",CPA_NET_001,Partnership role clarification,"Assesses whether the CSO has a clear, documented, and consistently applied practice for partnership role clarification.",The organization should demonstrate a practical and evidence-informed approach to partnership role clarification.,DGNEAR_SO3_6,GS_C06,Relevant staff cannot consistently apply or document partnership role clarification in day-to-day organizational practice.,Use a simple tool or procedure to apply partnership role clarification in a realistic CSO task.,"Completed worksheet, checklist, or redacted work sample demonstrating partnership role clarification.",TLG_NETWORK_COORDINATOR,Knowledge,Course-addressable,Low,"Networking, Partnerships, and Collective Action","Annex 4 — Networking, Partnerships, and Collective Action",1,Active
CPA_NET_002,CCA_09_NET,"Networking, Partnerships, and Collective Action",CPA_NET_002,Coalition governance,"Assesses whether the CSO has a clear, documented, and consistently applied practice for coalition governance.",The organization should demonstrate a practical and evidence-informed approach to coalition governance.,DGNEAR_SO3_6,GS_C06,Relevant staff cannot consistently apply or document coalition governance in day-to-day organizational practice.,Use a simple tool or procedure to apply coalition governance in a realistic CSO task.,"Completed worksheet, checklist, or redacted work sample demonstrating coalition governance.",TLG_NETWORK_COORDINATOR,Skill,Course-addressable,Low,"Networking, Partnerships, and Collective Action","Annex 4 — Networking, Partnerships, and Collective Action",2,Active
CPA_NET_003,CCA_09_NET,"Networking, Partnerships, and Collective Action",CPA_NET_003,Coordination,"Assesses whether the CSO has a clear, documented, and consistently applied practice for coordination.",The organization should demonstrate a practical and evidence-informed approach to coordination.,DGNEAR_SO3_6,GS_C06,Relevant staff cannot consistently apply or document coordination in day-to-day organizational practice.,Use a simple tool or procedure to apply coordination in a realistic CSO task.,"Completed worksheet, checklist, or redacted work sample demonstrating coordination.",TLG_NETWORK_COORDINATOR,Knowledge,Partly course-addressable,Low,"Networking, Partnerships, and Collective Action","Annex 4 — Networking, Partnerships, and Collective Action",3,Active
CPA_NET_004,CCA_09_NET,"Networking, Partnerships, and Collective Action",CPA_NET_004,Referral partnerships,"Assesses whether the CSO has a clear, documented, and consistently applied practice for referral partnerships.",The organization should demonstrate a practical and evidence-informed approach to referral partnerships.,DGNEAR_SO3_6,GS_C06,Relevant staff cannot consistently apply or document referral partnerships in day-to-day organizational practice.,Use a simple tool or procedure to apply referral partnerships in a realistic CSO task.,"Completed worksheet, checklist, or redacted work sample demonstrating referral partnerships.",TLG_NETWORK_COORDINATOR,Skill,Course-addressable,Low,"Networking, Partnerships, and Collective Action","Annex 4 — Networking, Partnerships, and Collective Action",4,Active
CPA_NET_005,CCA_09_NET,"Networking, Partnerships, and Collective Action",CPA_NET_005,Peer learning,"Assesses whether the CSO has a clear, documented, and consistently applied practice for peer learning.",The organization should demonstrate a practical and evidence-informed approach to peer learning.,DGNEAR_SO3_6,GS_C06,Relevant staff cannot consistently apply or document peer learning in day-to-day organizational practice.,Use a simple tool or procedure to apply peer learning in a realistic CSO task.,"Completed worksheet, checklist, or redacted work sample demonstrating peer learning.",TLG_NETWORK_COORDINATOR,Knowledge,Course-addressable,Low,"Networking, Partnerships, and Collective Action","Annex 4 — Networking, Partnerships, and Collective Action",5,Active
CPA_NET_006,CCA_09_NET,"Networking, Partnerships, and Collective Action",CPA_NET_006,Collective advocacy,"Assesses whether the CSO has a clear, documented, and consistently applied practice for collective advocacy.",The organization should demonstrate a practical and evidence-informed approach to collective advocacy.,DGNEAR_SO3_6,GS_C06,Relevant staff cannot consistently apply or document collective advocacy in day-to-day organizational practice.,Use a simple tool or procedure to apply collective advocacy in a realistic CSO task.,"Completed worksheet, checklist, or redacted work sample demonstrating collective advocacy.",TLG_NETWORK_COORDINATOR,Skill,Partly course-addressable,Low,"Networking, Partnerships, and Collective Action","Annex 4 — Networking, Partnerships, and Collective Action",6,Active
CPA_NET_007,CCA_09_NET,"Networking, Partnerships, and Collective Action",CPA_NET_007,Shared workplans,"Assesses whether the CSO has a clear, documented, and consistently applied practice for shared workplans.",The organization should demonstrate a practical and evidence-informed approach to shared workplans.,DGNEAR_SO3_6,GS_C06,Relevant staff cannot consistently apply or document shared workplans in day-to-day organizational practice.,Use a simple tool or procedure to apply shared workplans in a realistic CSO task.,"Completed worksheet, checklist, or redacted work sample demonstrating shared workplans.",TLG_NETWORK_COORDINATOR,Knowledge,Course-addressable,Low,"Networking, Partnerships, and Collective Action","Annex 4 — Networking, Partnerships, and Collective Action",7,Active
CPA_NET_008,CCA_09_NET,"Networking, Partnerships, and Collective Action",CPA_NET_008,Partnership accountability,"Assesses whether the CSO has a clear, documented, and consistently applied practice for partnership accountability.",The organization should demonstrate a practical and evidence-informed approach to partnership accountability.,DGNEAR_SO3_6,GS_C06,Relevant staff cannot consistently apply or document partnership accountability in day-to-day organizational practice.,Use a simple tool or procedure to apply partnership accountability in a realistic CSO task.,"Completed worksheet, checklist, or redacted work sample demonstrating partnership accountability.",TLG_NETWORK_COORDINATOR,Skill,Course-addressable,Low,"Networking, Partnerships, and Collective Action","Annex 4 — Networking, Partnerships, and Collective Action",8,Active
CPA_NET_009,CCA_09_NET,"Networking, Partnerships, and Collective Action",CPA_NET_009,Joint reporting,"Assesses whether the CSO has a clear, documented, and consistently applied practice for joint reporting.",The organization should demonstrate a practical and evidence-informed approach to joint reporting.,DGNEAR_SO3_6,GS_C06,Relevant staff cannot consistently apply or document joint reporting in day-to-day organizational practice.,Use a simple tool or procedure to apply joint reporting in a realistic CSO task.,"Completed worksheet, checklist, or redacted work sample demonstrating joint reporting.",TLG_NETWORK_COORDINATOR,Knowledge,Partly course-addressable,Low,"Networking, Partnerships, and Collective Action","Annex 4 — Networking, Partnerships, and Collective Action",9,Active
CPA_NET_010,CCA_09_NET,"Networking, Partnerships, and Collective Action",CPA_NET_010,Power-aware partnership practice,"Assesses whether the CSO has a clear, documented, and consistently applied practice for power-aware partnership practice.",The organization should demonstrate a practical and evidence-informed approach to power-aware partnership practice.,DGNEAR_SO3_6,GS_C06,Relevant staff cannot consistently apply or document power-aware partnership practice in day-to-day organizational practice.,Use a simple tool or procedure to apply power-aware partnership practice in a realistic CSO task.,"Completed worksheet, checklist, or redacted work sample demonstrating power-aware partnership practice.",TLG_NETWORK_COORDINATOR,Skill,Course-addressable,Low,"Networking, Partnerships, and Collective Action","Annex 4 — Networking, Partnerships, and Collective Action",10,Active