cso_capacity_area_summary_id,assessment_id,cso_id,cso_code,cso_name_or_safe_name,cohort_id,region,sector_primary,core_capacity_area_id,core_capacity_area_name,practice_area_count_assessed,average_current_practice_score,capacity_level_auto,critical_gap_count,high_gap_count,moderate_gap_count,strength_count,lowest_scored_practice_area,highest_scored_practice_area,priority_gap_count,course_addressable_gap_count,blended_support_gap_count,non_course_gap_count,safeguarding_high_or_critical_count,summary_interpretation
CAS_CSO_001_GOV,ASM_CSO_001_BASE,CSO_001,CSO-001,CSO 001,COH_BASE_2026,,,CCA_01_GOV,Internal Governance and Leadership,0,,,0,0,0,0,,,0,7,0,0,0,
CAS_CSO_001_ACC,ASM_CSO_001_BASE,CSO_001,CSO-001,CSO 001,COH_BASE_2026,,,CCA_02_ACC,Transparency and Accountability,0,,,0,0,0,0,,,0,7,0,0,0,
CAS_CSO_001_STR,ASM_CSO_001_BASE,CSO_001,CSO-001,CSO 001,COH_BASE_2026,,,CCA_03_STR,Strategic Planning and Organizational Sustainability,0,,,0,0,0,0,,,0,7,0,0,0,
CAS_CSO_001_FIN,ASM_CSO_001_BASE,CSO_001,CSO-001,CSO 001,COH_BASE_2026,,,CCA_04_FIN,Financial Management and Resource Mobilization,0,,,0,0,0,0,,,0,7,0,0,0,
CAS_CSO_001_HR,ASM_CSO_001_BASE,CSO_001,CSO-001,CSO 001,COH_BASE_2026,,,CCA_05_HR,"Human Resources, Inclusion, and Safeguarding",0,,,0,0,0,0,,,0,8,0,0,0,
CAS_CSO_001_ADV,ASM_CSO_001_BASE,CSO_001,CSO-001,CSO 001,COH_BASE_2026,,,CCA_06_ADV,Evidence-Based Advocacy and Civic Engagement,0,,,0,0,0,0,,,0,7,0,0,0,
CAS_CSO_001_MEAL,ASM_CSO_001_BASE,CSO_001,CSO-001,CSO 001,COH_BASE_2026,,,CCA_07_MEAL,"Monitoring, Evaluation, Accountability, and Learning",0,,,0,0,0,0,,,0,7,0,0,0,
CAS_CSO_001_DIG,ASM_CSO_001_BASE,CSO_001,CSO-001,CSO 001,COH_BASE_2026,,,CCA_08_DIG,Digital Skills and Data Use / IT Competencies,0,,,0,0,0,0,,,0,7,0,0,0,
CAS_CSO_001_NET,ASM_CSO_001_BASE,CSO_001,CSO-001,CSO 001,COH_BASE_2026,,,CCA_09_NET,"Networking, Partnerships, and Collective Action",0,,,0,0,0,0,,,0,7,0,0,0,
CAS_CSO_002_GOV,ASM_CSO_002_BASE,CSO_002,CSO-002,CSO 002,COH_BASE_2026,,,CCA_01_GOV,Internal Governance and Leadership,0,,,0,0,0,0,,,0,7,0,0,0,
CAS_CSO_002_ACC,ASM_CSO_002_BASE,CSO_002,CSO-002,CSO 002,COH_BASE_2026,,,CCA_02_ACC,Transparency and Accountability,0,,,0,0,0,0,,,0,7,0,0,0,
CAS_CSO_002_STR,ASM_CSO_002_BASE,CSO_002,CSO-002,CSO 002,COH_BASE_2026,,,CCA_03_STR,Strategic Planning and Organizational Sustainability,0,,,0,0,0,0,,,0,7,0,0,0,
CAS_CSO_002_FIN,ASM_CSO_002_BASE,CSO_002,CSO-002,CSO 002,COH_BASE_2026,,,CCA_04_FIN,Financial Management and Resource Mobilization,0,,,0,0,0,0,,,0,7,0,0,0,
CAS_CSO_002_HR,ASM_CSO_002_BASE,CSO_002,CSO-002,CSO 002,COH_BASE_2026,,,CCA_05_HR,"Human Resources, Inclusion, and Safeguarding",0,,,0,0,0,0,,,0,8,0,0,0,
CAS_CSO_002_ADV,ASM_CSO_002_BASE,CSO_002,CSO-002,CSO 002,COH_BASE_2026,,,CCA_06_ADV,Evidence-Based Advocacy and Civic Engagement,0,,,0,0,0,0,,,0,7,0,0,0,
CAS_CSO_002_MEAL,ASM_CSO_002_BASE,CSO_002,CSO-002,CSO 002,COH_BASE_2026,,,CCA_07_MEAL,"Monitoring, Evaluation, Accountability, and Learning",0,,,0,0,0,0,,,0,7,0,0,0,
CAS_CSO_002_DIG,ASM_CSO_002_BASE,CSO_002,CSO-002,CSO 002,COH_BASE_2026,,,CCA_08_DIG,Digital Skills and Data Use / IT Competencies,0,,,0,0,0,0,,,0,7,0,0,0,
CAS_CSO_002_NET,ASM_CSO_002_BASE,CSO_002,CSO-002,CSO 002,COH_BASE_2026,,,CCA_09_NET,"Networking, Partnerships, and Collective Action",0,,,0,0,0,0,,,0,7,0,0,0,
CAS_CSO_003_GOV,ASM_CSO_003_BASE,CSO_003,CSO-003,CSO 003,COH_BASE_2026,,,CCA_01_GOV,Internal Governance and Leadership,0,,,0,0,0,0,,,0,7,0,0,0,
CAS_CSO_003_ACC,ASM_CSO_003_BASE,CSO_003,CSO-003,CSO 003,COH_BASE_2026,,,CCA_02_ACC,Transparency and Accountability,0,,,0,0,0,0,,,0,7,0,0,0,
CAS_CSO_003_STR,ASM_CSO_003_BASE,CSO_003,CSO-003,CSO 003,COH_BASE_2026,,,CCA_03_STR,Strategic Planning and Organizational Sustainability,0,,,0,0,0,0,,,0,7,0,0,0,
CAS_CSO_003_FIN,ASM_CSO_003_BASE,CSO_003,CSO-003,CSO 003,COH_BASE_2026,,,CCA_04_FIN,Financial Management and Resource Mobilization,0,,,0,0,0,0,,,0,7,0,0,0,
CAS_CSO_003_HR,ASM_CSO_003_BASE,CSO_003,CSO-003,CSO 003,COH_BASE_2026,,,CCA_05_HR,"Human Resources, Inclusion, and Safeguarding",0,,,0,0,0,0,,,0,8,0,0,0,
CAS_CSO_003_ADV,ASM_CSO_003_BASE,CSO_003,CSO-003,CSO 003,COH_BASE_2026,,,CCA_06_ADV,Evidence-Based Advocacy and Civic Engagement,0,,,0,0,0,0,,,0,7,0,0,0,
CAS_CSO_003_MEAL,ASM_CSO_003_BASE,CSO_003,CSO-003,CSO 003,COH_BASE_2026,,,CCA_07_MEAL,"Monitoring, Evaluation, Accountability, and Learning",0,,,0,0,0,0,,,0,7,0,0,0,
CAS_CSO_003_DIG,ASM_CSO_003_BASE,CSO_003,CSO-003,CSO 003,COH_BASE_2026,,,CCA_08_DIG,Digital Skills and Data Use / IT Competencies,0,,,0,0,0,0,,,0,7,0,0,0,
CAS_CSO_003_NET,ASM_CSO_003_BASE,CSO_003,CSO-003,CSO 003,COH_BASE_2026,,,CCA_09_NET,"Networking, Partnerships, and Collective Action",0,,,0,0,0,0,,,0,7,0,0,0,
CAS_CSO_004_GOV,ASM_CSO_004_BASE,CSO_004,CSO-004,CSO 004,COH_BASE_2026,,,CCA_01_GOV,Internal Governance and Leadership,0,,,0,0,0,0,,,0,7,0,0,0,
CAS_CSO_004_ACC,ASM_CSO_004_BASE,CSO_004,CSO-004,CSO 004,COH_BASE_2026,,,CCA_02_ACC,Transparency and Accountability,0,,,0,0,0,0,,,0,7,0,0,0,
CAS_CSO_004_STR,ASM_CSO_004_BASE,CSO_004,CSO-004,CSO 004,COH_BASE_2026,,,CCA_03_STR,Strategic Planning and Organizational Sustainability,0,,,0,0,0,0,,,0,7,0,0,0,
CAS_CSO_004_FIN,ASM_CSO_004_BASE,CSO_004,CSO-004,CSO 004,COH_BASE_2026,,,CCA_04_FIN,Financial Management and Resource Mobilization,0,,,0,0,0,0,,,0,7,0,0,0,
CAS_CSO_004_HR,ASM_CSO_004_BASE,CSO_004,CSO-004,CSO 004,COH_BASE_2026,,,CCA_05_HR,"Human Resources, Inclusion, and Safeguarding",0,,,0,0,0,0,,,0,8,0,0,0,
CAS_CSO_004_ADV,ASM_CSO_004_BASE,CSO_004,CSO-004,CSO 004,COH_BASE_2026,,,CCA_06_ADV,Evidence-Based Advocacy and Civic Engagement,0,,,0,0,0,0,,,0,7,0,0,0,
CAS_CSO_004_MEAL,ASM_CSO_004_BASE,CSO_004,CSO-004,CSO 004,COH_BASE_2026,,,CCA_07_MEAL,"Monitoring, Evaluation, Accountability, and Learning",0,,,0,0,0,0,,,0,7,0,0,0,
CAS_CSO_004_DIG,ASM_CSO_004_BASE,CSO_004,CSO-004,CSO 004,COH_BASE_2026,,,CCA_08_DIG,Digital Skills and Data Use / IT Competencies,0,,,0,0,0,0,,,0,7,0,0,0,
CAS_CSO_004_NET,ASM_CSO_004_BASE,CSO_004,CSO-004,CSO 004,COH_BASE_2026,,,CCA_09_NET,"Networking, Partnerships, and Collective Action",0,,,0,0,0,0,,,0,7,0,0,0,
CAS_CSO_005_GOV,ASM_CSO_005_BASE,CSO_005,CSO-005,CSO 005,COH_BASE_2026,,,CCA_01_GOV,Internal Governance and Leadership,0,,,0,0,0,0,,,0,7,0,0,0,
CAS_CSO_005_ACC,ASM_CSO_005_BASE,CSO_005,CSO-005,CSO 005,COH_BASE_2026,,,CCA_02_ACC,Transparency and Accountability,0,,,0,0,0,0,,,0,7,0,0,0,
CAS_CSO_005_STR,ASM_CSO_005_BASE,CSO_005,CSO-005,CSO 005,COH_BASE_2026,,,CCA_03_STR,Strategic Planning and Organizational Sustainability,0,,,0,0,0,0,,,0,7,0,0,0,
CAS_CSO_005_FIN,ASM_CSO_005_BASE,CSO_005,CSO-005,CSO 005,COH_BASE_2026,,,CCA_04_FIN,Financial Management and Resource Mobilization,0,,,0,0,0,0,,,0,7,0,0,0,
CAS_CSO_005_HR,ASM_CSO_005_BASE,CSO_005,CSO-005,CSO 005,COH_BASE_2026,,,CCA_05_HR,"Human Resources, Inclusion, and Safeguarding",0,,,0,0,0,0,,,0,8,0,0,0,
CAS_CSO_005_ADV,ASM_CSO_005_BASE,CSO_005,CSO-005,CSO 005,COH_BASE_2026,,,CCA_06_ADV,Evidence-Based Advocacy and Civic Engagement,0,,,0,0,0,0,,,0,7,0,0,0,
CAS_CSO_005_MEAL,ASM_CSO_005_BASE,CSO_005,CSO-005,CSO 005,COH_BASE_2026,,,CCA_07_MEAL,"Monitoring, Evaluation, Accountability, and Learning",0,,,0,0,0,0,,,0,7,0,0,0,
CAS_CSO_005_DIG,ASM_CSO_005_BASE,CSO_005,CSO-005,CSO 005,COH_BASE_2026,,,CCA_08_DIG,Digital Skills and Data Use / IT Competencies,0,,,0,0,0,0,,,0,7,0,0,0,
CAS_CSO_005_NET,ASM_CSO_005_BASE,CSO_005,CSO-005,CSO 005,COH_BASE_2026,,,CCA_09_NET,"Networking, Partnerships, and Collective Action",0,,,0,0,0,0,,,0,7,0,0,0,
CAS_CSO_006_GOV,ASM_CSO_006_BASE,CSO_006,CSO-006,CSO 006,COH_BASE_2026,,,CCA_01_GOV,Internal Governance and Leadership,0,,,0,0,0,0,,,0,7,0,0,0,
CAS_CSO_006_ACC,ASM_CSO_006_BASE,CSO_006,CSO-006,CSO 006,COH_BASE_2026,,,CCA_02_ACC,Transparency and Accountability,0,,,0,0,0,0,,,0,7,0,0,0,
CAS_CSO_006_STR,ASM_CSO_006_BASE,CSO_006,CSO-006,CSO 006,COH_BASE_2026,,,CCA_03_STR,Strategic Planning and Organizational Sustainability,0,,,0,0,0,0,,,0,7,0,0,0,
CAS_CSO_006_FIN,ASM_CSO_006_BASE,CSO_006,CSO-006,CSO 006,COH_BASE_2026,,,CCA_04_FIN,Financial Management and Resource Mobilization,0,,,0,0,0,0,,,0,7,0,0,0,
CAS_CSO_006_HR,ASM_CSO_006_BASE,CSO_006,CSO-006,CSO 006,COH_BASE_2026,,,CCA_05_HR,"Human Resources, Inclusion, and Safeguarding",0,,,0,0,0,0,,,0,8,0,0,0,
CAS_CSO_006_ADV,ASM_CSO_006_BASE,CSO_006,CSO-006,CSO 006,COH_BASE_2026,,,CCA_06_ADV,Evidence-Based Advocacy and Civic Engagement,0,,,0,0,0,0,,,0,7,0,0,0,
CAS_CSO_006_MEAL,ASM_CSO_006_BASE,CSO_006,CSO-006,CSO 006,COH_BASE_2026,,,CCA_07_MEAL,"Monitoring, Evaluation, Accountability, and Learning",0,,,0,0,0,0,,,0,7,0,0,0,
CAS_CSO_006_DIG,ASM_CSO_006_BASE,CSO_006,CSO-006,CSO 006,COH_BASE_2026,,,CCA_08_DIG,Digital Skills and Data Use / IT Competencies,0,,,0,0,0,0,,,0,7,0,0,0,
CAS_CSO_006_NET,ASM_CSO_006_BASE,CSO_006,CSO-006,CSO 006,COH_BASE_2026,,,CCA_09_NET,"Networking, Partnerships, and Collective Action",0,,,0,0,0,0,,,0,7,0,0,0,
CAS_CSO_007_GOV,ASM_CSO_007_BASE,CSO_007,CSO-007,CSO 007,COH_BASE_2026,,,CCA_01_GOV,Internal Governance and Leadership,0,,,0,0,0,0,,,0,7,0,0,0,
CAS_CSO_007_ACC,ASM_CSO_007_BASE,CSO_007,CSO-007,CSO 007,COH_BASE_2026,,,CCA_02_ACC,Transparency and Accountability,0,,,0,0,0,0,,,0,7,0,0,0,
CAS_CSO_007_STR,ASM_CSO_007_BASE,CSO_007,CSO-007,CSO 007,COH_BASE_2026,,,CCA_03_STR,Strategic Planning and Organizational Sustainability,0,,,0,0,0,0,,,0,7,0,0,0,
CAS_CSO_007_FIN,ASM_CSO_007_BASE,CSO_007,CSO-007,CSO 007,COH_BASE_2026,,,CCA_04_FIN,Financial Management and Resource Mobilization,0,,,0,0,0,0,,,0,7,0,0,0,
CAS_CSO_007_HR,ASM_CSO_007_BASE,CSO_007,CSO-007,CSO 007,COH_BASE_2026,,,CCA_05_HR,"Human Resources, Inclusion, and Safeguarding",0,,,0,0,0,0,,,0,8,0,0,0,
CAS_CSO_007_ADV,ASM_CSO_007_BASE,CSO_007,CSO-007,CSO 007,COH_BASE_2026,,,CCA_06_ADV,Evidence-Based Advocacy and Civic Engagement,0,,,0,0,0,0,,,0,7,0,0,0,
CAS_CSO_007_MEAL,ASM_CSO_007_BASE,CSO_007,CSO-007,CSO 007,COH_BASE_2026,,,CCA_07_MEAL,"Monitoring, Evaluation, Accountability, and Learning",0,,,0,0,0,0,,,0,7,0,0,0,
CAS_CSO_007_DIG,ASM_CSO_007_BASE,CSO_007,CSO-007,CSO 007,COH_BASE_2026,,,CCA_08_DIG,Digital Skills and Data Use / IT Competencies,0,,,0,0,0,0,,,0,7,0,0,0,
CAS_CSO_007_NET,ASM_CSO_007_BASE,CSO_007,CSO-007,CSO 007,COH_BASE_2026,,,CCA_09_NET,"Networking, Partnerships, and Collective Action",0,,,0,0,0,0,,,0,7,0,0,0,
CAS_CSO_008_GOV,ASM_CSO_008_BASE,CSO_008,CSO-008,CSO 008,COH_BASE_2026,,,CCA_01_GOV,Internal Governance and Leadership,0,,,0,0,0,0,,,0,7,0,0,0,
CAS_CSO_008_ACC,ASM_CSO_008_BASE,CSO_008,CSO-008,CSO 008,COH_BASE_2026,,,CCA_02_ACC,Transparency and Accountability,0,,,0,0,0,0,,,0,7,0,0,0,
CAS_CSO_008_STR,ASM_CSO_008_BASE,CSO_008,CSO-008,CSO 008,COH_BASE_2026,,,CCA_03_STR,Strategic Planning and Organizational Sustainability,0,,,0,0,0,0,,,0,7,0,0,0,
CAS_CSO_008_FIN,ASM_CSO_008_BASE,CSO_008,CSO-008,CSO 008,COH_BASE_2026,,,CCA_04_FIN,Financial Management and Resource Mobilization,0,,,0,0,0,0,,,0,7,0,0,0,
CAS_CSO_008_HR,ASM_CSO_008_BASE,CSO_008,CSO-008,CSO 008,COH_BASE_2026,,,CCA_05_HR,"Human Resources, Inclusion, and Safeguarding",0,,,0,0,0,0,,,0,8,0,0,0,
CAS_CSO_008_ADV,ASM_CSO_008_BASE,CSO_008,CSO-008,CSO 008,COH_BASE_2026,,,CCA_06_ADV,Evidence-Based Advocacy and Civic Engagement,0,,,0,0,0,0,,,0,7,0,0,0,
CAS_CSO_008_MEAL,ASM_CSO_008_BASE,CSO_008,CSO-008,CSO 008,COH_BASE_2026,,,CCA_07_MEAL,"Monitoring, Evaluation, Accountability, and Learning",0,,,0,0,0,0,,,0,7,0,0,0,
CAS_CSO_008_DIG,ASM_CSO_008_BASE,CSO_008,CSO-008,CSO 008,COH_BASE_2026,,,CCA_08_DIG,Digital Skills and Data Use / IT Competencies,0,,,0,0,0,0,,,0,7,0,0,0,
CAS_CSO_008_NET,ASM_CSO_008_BASE,CSO_008,CSO-008,CSO 008,COH_BASE_2026,,,CCA_09_NET,"Networking, Partnerships, and Collective Action",0,,,0,0,0,0,,,0,7,0,0,0,
CAS_CSO_009_GOV,ASM_CSO_009_BASE,CSO_009,CSO-009,CSO 009,COH_BASE_2026,,,CCA_01_GOV,Internal Governance and Leadership,0,,,0,0,0,0,,,0,7,0,0,0,
CAS_CSO_009_ACC,ASM_CSO_009_BASE,CSO_009,CSO-009,CSO 009,COH_BASE_2026,,,CCA_02_ACC,Transparency and Accountability,0,,,0,0,0,0,,,0,7,0,0,0,
CAS_CSO_009_STR,ASM_CSO_009_BASE,CSO_009,CSO-009,CSO 009,COH_BASE_2026,,,CCA_03_STR,Strategic Planning and Organizational Sustainability,0,,,0,0,0,0,,,0,7,0,0,0,
CAS_CSO_009_FIN,ASM_CSO_009_BASE,CSO_009,CSO-009,CSO 009,COH_BASE_2026,,,CCA_04_FIN,Financial Management and Resource Mobilization,0,,,0,0,0,0,,,0,7,0,0,0,
CAS_CSO_009_HR,ASM_CSO_009_BASE,CSO_009,CSO-009,CSO 009,COH_BASE_2026,,,CCA_05_HR,"Human Resources, Inclusion, and Safeguarding",0,,,0,0,0,0,,,0,8,0,0,0,
CAS_CSO_009_ADV,ASM_CSO_009_BASE,CSO_009,CSO-009,CSO 009,COH_BASE_2026,,,CCA_06_ADV,Evidence-Based Advocacy and Civic Engagement,0,,,0,0,0,0,,,0,7,0,0,0,
CAS_CSO_009_MEAL,ASM_CSO_009_BASE,CSO_009,CSO-009,CSO 009,COH_BASE_2026,,,CCA_07_MEAL,"Monitoring, Evaluation, Accountability, and Learning",0,,,0,0,0,0,,,0,7,0,0,0,
CAS_CSO_009_DIG,ASM_CSO_009_BASE,CSO_009,CSO-009,CSO 009,COH_BASE_2026,,,CCA_08_DIG,Digital Skills and Data Use / IT Competencies,0,,,0,0,0,0,,,0,7,0,0,0,
CAS_CSO_009_NET,ASM_CSO_009_BASE,CSO_009,CSO-009,CSO 009,COH_BASE_2026,,,CCA_09_NET,"Networking, Partnerships, and Collective Action",0,,,0,0,0,0,,,0,7,0,0,0,
CAS_CSO_010_GOV,ASM_CSO_010_BASE,CSO_010,CSO-010,CSO 010,COH_BASE_2026,,,CCA_01_GOV,Internal Governance and Leadership,0,,,0,0,0,0,,,0,7,0,0,0,
CAS_CSO_010_ACC,ASM_CSO_010_BASE,CSO_010,CSO-010,CSO 010,COH_BASE_2026,,,CCA_02_ACC,Transparency and Accountability,0,,,0,0,0,0,,,0,7,0,0,0,
CAS_CSO_010_STR,ASM_CSO_010_BASE,CSO_010,CSO-010,CSO 010,COH_BASE_2026,,,CCA_03_STR,Strategic Planning and Organizational Sustainability,0,,,0,0,0,0,,,0,7,0,0,0,
CAS_CSO_010_FIN,ASM_CSO_010_BASE,CSO_010,CSO-010,CSO 010,COH_BASE_2026,,,CCA_04_FIN,Financial Management and Resource Mobilization,0,,,0,0,0,0,,,0,7,0,0,0,
CAS_CSO_010_HR,ASM_CSO_010_BASE,CSO_010,CSO-010,CSO 010,COH_BASE_2026,,,CCA_05_HR,"Human Resources, Inclusion, and Safeguarding",0,,,0,0,0,0,,,0,8,0,0,0,
CAS_CSO_010_ADV,ASM_CSO_010_BASE,CSO_010,CSO-010,CSO 010,COH_BASE_2026,,,CCA_06_ADV,Evidence-Based Advocacy and Civic Engagement,0,,,0,0,0,0,,,0,7,0,0,0,
CAS_CSO_010_MEAL,ASM_CSO_010_BASE,CSO_010,CSO-010,CSO 010,COH_BASE_2026,,,CCA_07_MEAL,"Monitoring, Evaluation, Accountability, and Learning",0,,,0,0,0,0,,,0,7,0,0,0,
CAS_CSO_010_DIG,ASM_CSO_010_BASE,CSO_010,CSO-010,CSO 010,COH_BASE_2026,,,CCA_08_DIG,Digital Skills and Data Use / IT Competencies,0,,,0,0,0,0,,,0,7,0,0,0,
CAS_CSO_010_NET,ASM_CSO_010_BASE,CSO_010,CSO-010,CSO 010,COH_BASE_2026,,,CCA_09_NET,"Networking, Partnerships, and Collective Action",0,,,0,0,0,0,,,0,7,0,0,0,
CAS_CSO_011_GOV,ASM_CSO_011_BASE,CSO_011,CSO-011,CSO 011,COH_BASE_2026,,,CCA_01_GOV,Internal Governance and Leadership,0,,,0,0,0,0,,,0,7,0,0,0,
CAS_CSO_011_ACC,ASM_CSO_011_BASE,CSO_011,CSO-011,CSO 011,COH_BASE_2026,,,CCA_02_ACC,Transparency and Accountability,0,,,0,0,0,0,,,0,7,0,0,0,
CAS_CSO_011_STR,ASM_CSO_011_BASE,CSO_011,CSO-011,CSO 011,COH_BASE_2026,,,CCA_03_STR,Strategic Planning and Organizational Sustainability,0,,,0,0,0,0,,,0,7,0,0,0,
CAS_CSO_011_FIN,ASM_CSO_011_BASE,CSO_011,CSO-011,CSO 011,COH_BASE_2026,,,CCA_04_FIN,Financial Management and Resource Mobilization,0,,,0,0,0,0,,,0,7,0,0,0,
CAS_CSO_011_HR,ASM_CSO_011_BASE,CSO_011,CSO-011,CSO 011,COH_BASE_2026,,,CCA_05_HR,"Human Resources, Inclusion, and Safeguarding",0,,,0,0,0,0,,,0,8,0,0,0,
CAS_CSO_011_ADV,ASM_CSO_011_BASE,CSO_011,CSO-011,CSO 011,COH_BASE_2026,,,CCA_06_ADV,Evidence-Based Advocacy and Civic Engagement,0,,,0,0,0,0,,,0,7,0,0,0,
CAS_CSO_011_MEAL,ASM_CSO_011_BASE,CSO_011,CSO-011,CSO 011,COH_BASE_2026,,,CCA_07_MEAL,"Monitoring, Evaluation, Accountability, and Learning",0,,,0,0,0,0,,,0,7,0,0,0,
CAS_CSO_011_DIG,ASM_CSO_011_BASE,CSO_011,CSO-011,CSO 011,COH_BASE_2026,,,CCA_08_DIG,Digital Skills and Data Use / IT Competencies,0,,,0,0,0,0,,,0,7,0,0,0,
CAS_CSO_011_NET,ASM_CSO_011_BASE,CSO_011,CSO-011,CSO 011,COH_BASE_2026,,,CCA_09_NET,"Networking, Partnerships, and Collective Action",0,,,0,0,0,0,,,0,7,0,0,0,
CAS_CSO_012_GOV,ASM_CSO_012_BASE,CSO_012,CSO-012,CSO 012,COH_BASE_2026,,,CCA_01_GOV,Internal Governance and Leadership,0,,,0,0,0,0,,,0,7,0,0,0,
CAS_CSO_012_ACC,ASM_CSO_012_BASE,CSO_012,CSO-012,CSO 012,COH_BASE_2026,,,CCA_02_ACC,Transparency and Accountability,0,,,0,0,0,0,,,0,7,0,0,0,
CAS_CSO_012_STR,ASM_CSO_012_BASE,CSO_012,CSO-012,CSO 012,COH_BASE_2026,,,CCA_03_STR,Strategic Planning and Organizational Sustainability,0,,,0,0,0,0,,,0,7,0,0,0,
CAS_CSO_012_FIN,ASM_CSO_012_BASE,CSO_012,CSO-012,CSO 012,COH_BASE_2026,,,CCA_04_FIN,Financial Management and Resource Mobilization,0,,,0,0,0,0,,,0,7,0,0,0,
CAS_CSO_012_HR,ASM_CSO_012_BASE,CSO_012,CSO-012,CSO 012,COH_BASE_2026,,,CCA_05_HR,"Human Resources, Inclusion, and Safeguarding",0,,,0,0,0,0,,,0,8,0,0,0,
CAS_CSO_012_ADV,ASM_CSO_012_BASE,CSO_012,CSO-012,CSO 012,COH_BASE_2026,,,CCA_06_ADV,Evidence-Based Advocacy and Civic Engagement,0,,,0,0,0,0,,,0,7,0,0,0,
CAS_CSO_012_MEAL,ASM_CSO_012_BASE,CSO_012,CSO-012,CSO 012,COH_BASE_2026,,,CCA_07_MEAL,"Monitoring, Evaluation, Accountability, and Learning",0,,,0,0,0,0,,,0,7,0,0,0,
CAS_CSO_012_DIG,ASM_CSO_012_BASE,CSO_012,CSO-012,CSO 012,COH_BASE_2026,,,CCA_08_DIG,Digital Skills and Data Use / IT Competencies,0,,,0,0,0,0,,,0,7,0,0,0,
CAS_CSO_012_NET,ASM_CSO_012_BASE,CSO_012,CSO-012,CSO 012,COH_BASE_2026,,,CCA_09_NET,"Networking, Partnerships, and Collective Action",0,,,0,0,0,0,,,0,7,0,0,0,
CAS_CSO_013_GOV,ASM_CSO_013_BASE,CSO_013,CSO-013,CSO 013,COH_BASE_2026,,,CCA_01_GOV,Internal Governance and Leadership,0,,,0,0,0,0,,,0,7,0,0,0,
CAS_CSO_013_ACC,ASM_CSO_013_BASE,CSO_013,CSO-013,CSO 013,COH_BASE_2026,,,CCA_02_ACC,Transparency and Accountability,0,,,0,0,0,0,,,0,7,0,0,0,
CAS_CSO_013_STR,ASM_CSO_013_BASE,CSO_013,CSO-013,CSO 013,COH_BASE_2026,,,CCA_03_STR,Strategic Planning and Organizational Sustainability,0,,,0,0,0,0,,,0,7,0,0,0,
CAS_CSO_013_FIN,ASM_CSO_013_BASE,CSO_013,CSO-013,CSO 013,COH_BASE_2026,,,CCA_04_FIN,Financial Management and Resource Mobilization,0,,,0,0,0,0,,,0,7,0,0,0,
CAS_CSO_013_HR,ASM_CSO_013_BASE,CSO_013,CSO-013,CSO 013,COH_BASE_2026,,,CCA_05_HR,"Human Resources, Inclusion, and Safeguarding",0,,,0,0,0,0,,,0,8,0,0,0,
CAS_CSO_013_ADV,ASM_CSO_013_BASE,CSO_013,CSO-013,CSO 013,COH_BASE_2026,,,CCA_06_ADV,Evidence-Based Advocacy and Civic Engagement,0,,,0,0,0,0,,,0,7,0,0,0,
CAS_CSO_013_MEAL,ASM_CSO_013_BASE,CSO_013,CSO-013,CSO 013,COH_BASE_2026,,,CCA_07_MEAL,"Monitoring, Evaluation, Accountability, and Learning",0,,,0,0,0,0,,,0,7,0,0,0,
CAS_CSO_013_DIG,ASM_CSO_013_BASE,CSO_013,CSO-013,CSO 013,COH_BASE_2026,,,CCA_08_DIG,Digital Skills and Data Use / IT Competencies,0,,,0,0,0,0,,,0,7,0,0,0,
CAS_CSO_013_NET,ASM_CSO_013_BASE,CSO_013,CSO-013,CSO 013,COH_BASE_2026,,,CCA_09_NET,"Networking, Partnerships, and Collective Action",0,,,0,0,0,0,,,0,7,0,0,0,
CAS_CSO_014_GOV,ASM_CSO_014_BASE,CSO_014,CSO-014,CSO 014,COH_BASE_2026,,,CCA_01_GOV,Internal Governance and Leadership,0,,,0,0,0,0,,,0,7,0,0,0,
CAS_CSO_014_ACC,ASM_CSO_014_BASE,CSO_014,CSO-014,CSO 014,COH_BASE_2026,,,CCA_02_ACC,Transparency and Accountability,0,,,0,0,0,0,,,0,7,0,0,0,
CAS_CSO_014_STR,ASM_CSO_014_BASE,CSO_014,CSO-014,CSO 014,COH_BASE_2026,,,CCA_03_STR,Strategic Planning and Organizational Sustainability,0,,,0,0,0,0,,,0,7,0,0,0,
CAS_CSO_014_FIN,ASM_CSO_014_BASE,CSO_014,CSO-014,CSO 014,COH_BASE_2026,,,CCA_04_FIN,Financial Management and Resource Mobilization,0,,,0,0,0,0,,,0,7,0,0,0,
CAS_CSO_014_HR,ASM_CSO_014_BASE,CSO_014,CSO-014,CSO 014,COH_BASE_2026,,,CCA_05_HR,"Human Resources, Inclusion, and Safeguarding",0,,,0,0,0,0,,,0,8,0,0,0,
CAS_CSO_014_ADV,ASM_CSO_014_BASE,CSO_014,CSO-014,CSO 014,COH_BASE_2026,,,CCA_06_ADV,Evidence-Based Advocacy and Civic Engagement,0,,,0,0,0,0,,,0,7,0,0,0,
CAS_CSO_014_MEAL,ASM_CSO_014_BASE,CSO_014,CSO-014,CSO 014,COH_BASE_2026,,,CCA_07_MEAL,"Monitoring, Evaluation, Accountability, and Learning",0,,,0,0,0,0,,,0,7,0,0,0,
CAS_CSO_014_DIG,ASM_CSO_014_BASE,CSO_014,CSO-014,CSO 014,COH_BASE_2026,,,CCA_08_DIG,Digital Skills and Data Use / IT Competencies,0,,,0,0,0,0,,,0,7,0,0,0,
CAS_CSO_014_NET,ASM_CSO_014_BASE,CSO_014,CSO-014,CSO 014,COH_BASE_2026,,,CCA_09_NET,"Networking, Partnerships, and Collective Action",0,,,0,0,0,0,,,0,7,0,0,0,
CAS_CSO_015_GOV,ASM_CSO_015_BASE,CSO_015,CSO-015,CSO 015,COH_BASE_2026,,,CCA_01_GOV,Internal Governance and Leadership,0,,,0,0,0,0,,,0,7,0,0,0,
CAS_CSO_015_ACC,ASM_CSO_015_BASE,CSO_015,CSO-015,CSO 015,COH_BASE_2026,,,CCA_02_ACC,Transparency and Accountability,0,,,0,0,0,0,,,0,7,0,0,0,
CAS_CSO_015_STR,ASM_CSO_015_BASE,CSO_015,CSO-015,CSO 015,COH_BASE_2026,,,CCA_03_STR,Strategic Planning and Organizational Sustainability,0,,,0,0,0,0,,,0,7,0,0,0,
CAS_CSO_015_FIN,ASM_CSO_015_BASE,CSO_015,CSO-015,CSO 015,COH_BASE_2026,,,CCA_04_FIN,Financial Management and Resource Mobilization,0,,,0,0,0,0,,,0,7,0,0,0,
CAS_CSO_015_HR,ASM_CSO_015_BASE,CSO_015,CSO-015,CSO 015,COH_BASE_2026,,,CCA_05_HR,"Human Resources, Inclusion, and Safeguarding",0,,,0,0,0,0,,,0,8,0,0,0,
CAS_CSO_015_ADV,ASM_CSO_015_BASE,CSO_015,CSO-015,CSO 015,COH_BASE_2026,,,CCA_06_ADV,Evidence-Based Advocacy and Civic Engagement,0,,,0,0,0,0,,,0,7,0,0,0,
CAS_CSO_015_MEAL,ASM_CSO_015_BASE,CSO_015,CSO-015,CSO 015,COH_BASE_2026,,,CCA_07_MEAL,"Monitoring, Evaluation, Accountability, and Learning",0,,,0,0,0,0,,,0,7,0,0,0,
CAS_CSO_015_DIG,ASM_CSO_015_BASE,CSO_015,CSO-015,CSO 015,COH_BASE_2026,,,CCA_08_DIG,Digital Skills and Data Use / IT Competencies,0,,,0,0,0,0,,,0,7,0,0,0,
CAS_CSO_015_NET,ASM_CSO_015_BASE,CSO_015,CSO-015,CSO 015,COH_BASE_2026,,,CCA_09_NET,"Networking, Partnerships, and Collective Action",0,,,0,0,0,0,,,0,7,0,0,0,
CAS_CSO_016_GOV,ASM_CSO_016_BASE,CSO_016,CSO-016,CSO 016,COH_BASE_2026,,,CCA_01_GOV,Internal Governance and Leadership,0,,,0,0,0,0,,,0,7,0,0,0,
CAS_CSO_016_ACC,ASM_CSO_016_BASE,CSO_016,CSO-016,CSO 016,COH_BASE_2026,,,CCA_02_ACC,Transparency and Accountability,0,,,0,0,0,0,,,0,7,0,0,0,
CAS_CSO_016_STR,ASM_CSO_016_BASE,CSO_016,CSO-016,CSO 016,COH_BASE_2026,,,CCA_03_STR,Strategic Planning and Organizational Sustainability,0,,,0,0,0,0,,,0,7,0,0,0,
CAS_CSO_016_FIN,ASM_CSO_016_BASE,CSO_016,CSO-016,CSO 016,COH_BASE_2026,,,CCA_04_FIN,Financial Management and Resource Mobilization,0,,,0,0,0,0,,,0,7,0,0,0,
CAS_CSO_016_HR,ASM_CSO_016_BASE,CSO_016,CSO-016,CSO 016,COH_BASE_2026,,,CCA_05_HR,"Human Resources, Inclusion, and Safeguarding",0,,,0,0,0,0,,,0,8,0,0,0,
CAS_CSO_016_ADV,ASM_CSO_016_BASE,CSO_016,CSO-016,CSO 016,COH_BASE_2026,,,CCA_06_ADV,Evidence-Based Advocacy and Civic Engagement,0,,,0,0,0,0,,,0,7,0,0,0,
CAS_CSO_016_MEAL,ASM_CSO_016_BASE,CSO_016,CSO-016,CSO 016,COH_BASE_2026,,,CCA_07_MEAL,"Monitoring, Evaluation, Accountability, and Learning",0,,,0,0,0,0,,,0,7,0,0,0,
CAS_CSO_016_DIG,ASM_CSO_016_BASE,CSO_016,CSO-016,CSO 016,COH_BASE_2026,,,CCA_08_DIG,Digital Skills and Data Use / IT Competencies,0,,,0,0,0,0,,,0,7,0,0,0,
CAS_CSO_016_NET,ASM_CSO_016_BASE,CSO_016,CSO-016,CSO 016,COH_BASE_2026,,,CCA_09_NET,"Networking, Partnerships, and Collective Action",0,,,0,0,0,0,,,0,7,0,0,0,
CAS_CSO_017_GOV,ASM_CSO_017_BASE,CSO_017,CSO-017,CSO 017,COH_BASE_2026,,,CCA_01_GOV,Internal Governance and Leadership,0,,,0,0,0,0,,,0,7,0,0,0,
CAS_CSO_017_ACC,ASM_CSO_017_BASE,CSO_017,CSO-017,CSO 017,COH_BASE_2026,,,CCA_02_ACC,Transparency and Accountability,0,,,0,0,0,0,,,0,7,0,0,0,
CAS_CSO_017_STR,ASM_CSO_017_BASE,CSO_017,CSO-017,CSO 017,COH_BASE_2026,,,CCA_03_STR,Strategic Planning and Organizational Sustainability,0,,,0,0,0,0,,,0,7,0,0,0,
CAS_CSO_017_FIN,ASM_CSO_017_BASE,CSO_017,CSO-017,CSO 017,COH_BASE_2026,,,CCA_04_FIN,Financial Management and Resource Mobilization,0,,,0,0,0,0,,,0,7,0,0,0,
CAS_CSO_017_HR,ASM_CSO_017_BASE,CSO_017,CSO-017,CSO 017,COH_BASE_2026,,,CCA_05_HR,"Human Resources, Inclusion, and Safeguarding",0,,,0,0,0,0,,,0,8,0,0,0,
CAS_CSO_017_ADV,ASM_CSO_017_BASE,CSO_017,CSO-017,CSO 017,COH_BASE_2026,,,CCA_06_ADV,Evidence-Based Advocacy and Civic Engagement,0,,,0,0,0,0,,,0,7,0,0,0,
CAS_CSO_017_MEAL,ASM_CSO_017_BASE,CSO_017,CSO-017,CSO 017,COH_BASE_2026,,,CCA_07_MEAL,"Monitoring, Evaluation, Accountability, and Learning",0,,,0,0,0,0,,,0,7,0,0,0,
CAS_CSO_017_DIG,ASM_CSO_017_BASE,CSO_017,CSO-017,CSO 017,COH_BASE_2026,,,CCA_08_DIG,Digital Skills and Data Use / IT Competencies,0,,,0,0,0,0,,,0,7,0,0,0,
CAS_CSO_017_NET,ASM_CSO_017_BASE,CSO_017,CSO-017,CSO 017,COH_BASE_2026,,,CCA_09_NET,"Networking, Partnerships, and Collective Action",0,,,0,0,0,0,,,0,7,0,0,0,
CAS_CSO_018_GOV,ASM_CSO_018_BASE,CSO_018,CSO-018,CSO 018,COH_BASE_2026,,,CCA_01_GOV,Internal Governance and Leadership,0,,,0,0,0,0,,,0,7,0,0,0,
CAS_CSO_018_ACC,ASM_CSO_018_BASE,CSO_018,CSO-018,CSO 018,COH_BASE_2026,,,CCA_02_ACC,Transparency and Accountability,0,,,0,0,0,0,,,0,7,0,0,0,
CAS_CSO_018_STR,ASM_CSO_018_BASE,CSO_018,CSO-018,CSO 018,COH_BASE_2026,,,CCA_03_STR,Strategic Planning and Organizational Sustainability,0,,,0,0,0,0,,,0,7,0,0,0,
CAS_CSO_018_FIN,ASM_CSO_018_BASE,CSO_018,CSO-018,CSO 018,COH_BASE_2026,,,CCA_04_FIN,Financial Management and Resource Mobilization,0,,,0,0,0,0,,,0,7,0,0,0,
CAS_CSO_018_HR,ASM_CSO_018_BASE,CSO_018,CSO-018,CSO 018,COH_BASE_2026,,,CCA_05_HR,"Human Resources, Inclusion, and Safeguarding",0,,,0,0,0,0,,,0,8,0,0,0,
CAS_CSO_018_ADV,ASM_CSO_018_BASE,CSO_018,CSO-018,CSO 018,COH_BASE_2026,,,CCA_06_ADV,Evidence-Based Advocacy and Civic Engagement,0,,,0,0,0,0,,,0,7,0,0,0,
CAS_CSO_018_MEAL,ASM_CSO_018_BASE,CSO_018,CSO-018,CSO 018,COH_BASE_2026,,,CCA_07_MEAL,"Monitoring, Evaluation, Accountability, and Learning",0,,,0,0,0,0,,,0,7,0,0,0,
CAS_CSO_018_DIG,ASM_CSO_018_BASE,CSO_018,CSO-018,CSO 018,COH_BASE_2026,,,CCA_08_DIG,Digital Skills and Data Use / IT Competencies,0,,,0,0,0,0,,,0,7,0,0,0,
CAS_CSO_018_NET,ASM_CSO_018_BASE,CSO_018,CSO-018,CSO 018,COH_BASE_2026,,,CCA_09_NET,"Networking, Partnerships, and Collective Action",0,,,0,0,0,0,,,0,7,0,0,0,
CAS_CSO_019_GOV,ASM_CSO_019_BASE,CSO_019,CSO-019,CSO 019,COH_BASE_2026,,,CCA_01_GOV,Internal Governance and Leadership,0,,,0,0,0,0,,,0,7,0,0,0,
CAS_CSO_019_ACC,ASM_CSO_019_BASE,CSO_019,CSO-019,CSO 019,COH_BASE_2026,,,CCA_02_ACC,Transparency and Accountability,0,,,0,0,0,0,,,0,7,0,0,0,
CAS_CSO_019_STR,ASM_CSO_019_BASE,CSO_019,CSO-019,CSO 019,COH_BASE_2026,,,CCA_03_STR,Strategic Planning and Organizational Sustainability,0,,,0,0,0,0,,,0,7,0,0,0,
CAS_CSO_019_FIN,ASM_CSO_019_BASE,CSO_019,CSO-019,CSO 019,COH_BASE_2026,,,CCA_04_FIN,Financial Management and Resource Mobilization,0,,,0,0,0,0,,,0,7,0,0,0,
CAS_CSO_019_HR,ASM_CSO_019_BASE,CSO_019,CSO-019,CSO 019,COH_BASE_2026,,,CCA_05_HR,"Human Resources, Inclusion, and Safeguarding",0,,,0,0,0,0,,,0,8,0,0,0,
CAS_CSO_019_ADV,ASM_CSO_019_BASE,CSO_019,CSO-019,CSO 019,COH_BASE_2026,,,CCA_06_ADV,Evidence-Based Advocacy and Civic Engagement,0,,,0,0,0,0,,,0,7,0,0,0,
CAS_CSO_019_MEAL,ASM_CSO_019_BASE,CSO_019,CSO-019,CSO 019,COH_BASE_2026,,,CCA_07_MEAL,"Monitoring, Evaluation, Accountability, and Learning",0,,,0,0,0,0,,,0,7,0,0,0,
CAS_CSO_019_DIG,ASM_CSO_019_BASE,CSO_019,CSO-019,CSO 019,COH_BASE_2026,,,CCA_08_DIG,Digital Skills and Data Use / IT Competencies,0,,,0,0,0,0,,,0,7,0,0,0,
CAS_CSO_019_NET,ASM_CSO_019_BASE,CSO_019,CSO-019,CSO 019,COH_BASE_2026,,,CCA_09_NET,"Networking, Partnerships, and Collective Action",0,,,0,0,0,0,,,0,7,0,0,0,
CAS_CSO_020_GOV,ASM_CSO_020_BASE,CSO_020,CSO-020,CSO 020,COH_BASE_2026,,,CCA_01_GOV,Internal Governance and Leadership,0,,,0,0,0,0,,,0,7,0,0,0,
CAS_CSO_020_ACC,ASM_CSO_020_BASE,CSO_020,CSO-020,CSO 020,COH_BASE_2026,,,CCA_02_ACC,Transparency and Accountability,0,,,0,0,0,0,,,0,7,0,0,0,
CAS_CSO_020_STR,ASM_CSO_020_BASE,CSO_020,CSO-020,CSO 020,COH_BASE_2026,,,CCA_03_STR,Strategic Planning and Organizational Sustainability,0,,,0,0,0,0,,,0,7,0,0,0,
CAS_CSO_020_FIN,ASM_CSO_020_BASE,CSO_020,CSO-020,CSO 020,COH_BASE_2026,,,CCA_04_FIN,Financial Management and Resource Mobilization,0,,,0,0,0,0,,,0,7,0,0,0,
CAS_CSO_020_HR,ASM_CSO_020_BASE,CSO_020,CSO-020,CSO 020,COH_BASE_2026,,,CCA_05_HR,"Human Resources, Inclusion, and Safeguarding",0,,,0,0,0,0,,,0,8,0,0,0,
CAS_CSO_020_ADV,ASM_CSO_020_BASE,CSO_020,CSO-020,CSO 020,COH_BASE_2026,,,CCA_06_ADV,Evidence-Based Advocacy and Civic Engagement,0,,,0,0,0,0,,,0,7,0,0,0,
CAS_CSO_020_MEAL,ASM_CSO_020_BASE,CSO_020,CSO-020,CSO 020,COH_BASE_2026,,,CCA_07_MEAL,"Monitoring, Evaluation, Accountability, and Learning",0,,,0,0,0,0,,,0,7,0,0,0,
CAS_CSO_020_DIG,ASM_CSO_020_BASE,CSO_020,CSO-020,CSO 020,COH_BASE_2026,,,CCA_08_DIG,Digital Skills and Data Use / IT Competencies,0,,,0,0,0,0,,,0,7,0,0,0,
CAS_CSO_020_NET,ASM_CSO_020_BASE,CSO_020,CSO-020,CSO 020,COH_BASE_2026,,,CCA_09_NET,"Networking, Partnerships, and Collective Action",0,,,0,0,0,0,,,0,7,0,0,0,
CAS_CSO_021_GOV,ASM_CSO_021_BASE,CSO_021,CSO-021,CSO 021,COH_BASE_2026,,,CCA_01_GOV,Internal Governance and Leadership,0,,,0,0,0,0,,,0,7,0,0,0,
CAS_CSO_021_ACC,ASM_CSO_021_BASE,CSO_021,CSO-021,CSO 021,COH_BASE_2026,,,CCA_02_ACC,Transparency and Accountability,0,,,0,0,0,0,,,0,7,0,0,0,
CAS_CSO_021_STR,ASM_CSO_021_BASE,CSO_021,CSO-021,CSO 021,COH_BASE_2026,,,CCA_03_STR,Strategic Planning and Organizational Sustainability,0,,,0,0,0,0,,,0,7,0,0,0,
CAS_CSO_021_FIN,ASM_CSO_021_BASE,CSO_021,CSO-021,CSO 021,COH_BASE_2026,,,CCA_04_FIN,Financial Management and Resource Mobilization,0,,,0,0,0,0,,,0,7,0,0,0,
CAS_CSO_021_HR,ASM_CSO_021_BASE,CSO_021,CSO-021,CSO 021,COH_BASE_2026,,,CCA_05_HR,"Human Resources, Inclusion, and Safeguarding",0,,,0,0,0,0,,,0,8,0,0,0,
CAS_CSO_021_ADV,ASM_CSO_021_BASE,CSO_021,CSO-021,CSO 021,COH_BASE_2026,,,CCA_06_ADV,Evidence-Based Advocacy and Civic Engagement,0,,,0,0,0,0,,,0,7,0,0,0,
CAS_CSO_021_MEAL,ASM_CSO_021_BASE,CSO_021,CSO-021,CSO 021,COH_BASE_2026,,,CCA_07_MEAL,"Monitoring, Evaluation, Accountability, and Learning",0,,,0,0,0,0,,,0,7,0,0,0,
CAS_CSO_021_DIG,ASM_CSO_021_BASE,CSO_021,CSO-021,CSO 021,COH_BASE_2026,,,CCA_08_DIG,Digital Skills and Data Use / IT Competencies,0,,,0,0,0,0,,,0,7,0,0,0,
CAS_CSO_021_NET,ASM_CSO_021_BASE,CSO_021,CSO-021,CSO 021,COH_BASE_2026,,,CCA_09_NET,"Networking, Partnerships, and Collective Action",0,,,0,0,0,0,,,0,7,0,0,0,
CAS_CSO_022_GOV,ASM_CSO_022_BASE,CSO_022,CSO-022,CSO 022,COH_BASE_2026,,,CCA_01_GOV,Internal Governance and Leadership,0,,,0,0,0,0,,,0,7,0,0,0,
CAS_CSO_022_ACC,ASM_CSO_022_BASE,CSO_022,CSO-022,CSO 022,COH_BASE_2026,,,CCA_02_ACC,Transparency and Accountability,0,,,0,0,0,0,,,0,7,0,0,0,
CAS_CSO_022_STR,ASM_CSO_022_BASE,CSO_022,CSO-022,CSO 022,COH_BASE_2026,,,CCA_03_STR,Strategic Planning and Organizational Sustainability,0,,,0,0,0,0,,,0,7,0,0,0,
CAS_CSO_022_FIN,ASM_CSO_022_BASE,CSO_022,CSO-022,CSO 022,COH_BASE_2026,,,CCA_04_FIN,Financial Management and Resource Mobilization,0,,,0,0,0,0,,,0,7,0,0,0,
CAS_CSO_022_HR,ASM_CSO_022_BASE,CSO_022,CSO-022,CSO 022,COH_BASE_2026,,,CCA_05_HR,"Human Resources, Inclusion, and Safeguarding",0,,,0,0,0,0,,,0,8,0,0,0,
CAS_CSO_022_ADV,ASM_CSO_022_BASE,CSO_022,CSO-022,CSO 022,COH_BASE_2026,,,CCA_06_ADV,Evidence-Based Advocacy and Civic Engagement,0,,,0,0,0,0,,,0,7,0,0,0,
CAS_CSO_022_MEAL,ASM_CSO_022_BASE,CSO_022,CSO-022,CSO 022,COH_BASE_2026,,,CCA_07_MEAL,"Monitoring, Evaluation, Accountability, and Learning",0,,,0,0,0,0,,,0,7,0,0,0,
CAS_CSO_022_DIG,ASM_CSO_022_BASE,CSO_022,CSO-022,CSO 022,COH_BASE_2026,,,CCA_08_DIG,Digital Skills and Data Use / IT Competencies,0,,,0,0,0,0,,,0,7,0,0,0,
CAS_CSO_022_NET,ASM_CSO_022_BASE,CSO_022,CSO-022,CSO 022,COH_BASE_2026,,,CCA_09_NET,"Networking, Partnerships, and Collective Action",0,,,0,0,0,0,,,0,7,0,0,0,
CAS_CSO_023_GOV,ASM_CSO_023_BASE,CSO_023,CSO-023,CSO 023,COH_BASE_2026,,,CCA_01_GOV,Internal Governance and Leadership,0,,,0,0,0,0,,,0,7,0,0,0,
CAS_CSO_023_ACC,ASM_CSO_023_BASE,CSO_023,CSO-023,CSO 023,COH_BASE_2026,,,CCA_02_ACC,Transparency and Accountability,0,,,0,0,0,0,,,0,7,0,0,0,
CAS_CSO_023_STR,ASM_CSO_023_BASE,CSO_023,CSO-023,CSO 023,COH_BASE_2026,,,CCA_03_STR,Strategic Planning and Organizational Sustainability,0,,,0,0,0,0,,,0,7,0,0,0,
CAS_CSO_023_FIN,ASM_CSO_023_BASE,CSO_023,CSO-023,CSO 023,COH_BASE_2026,,,CCA_04_FIN,Financial Management and Resource Mobilization,0,,,0,0,0,0,,,0,7,0,0,0,
CAS_CSO_023_HR,ASM_CSO_023_BASE,CSO_023,CSO-023,CSO 023,COH_BASE_2026,,,CCA_05_HR,"Human Resources, Inclusion, and Safeguarding",0,,,0,0,0,0,,,0,8,0,0,0,
CAS_CSO_023_ADV,ASM_CSO_023_BASE,CSO_023,CSO-023,CSO 023,COH_BASE_2026,,,CCA_06_ADV,Evidence-Based Advocacy and Civic Engagement,0,,,0,0,0,0,,,0,7,0,0,0,
CAS_CSO_023_MEAL,ASM_CSO_023_BASE,CSO_023,CSO-023,CSO 023,COH_BASE_2026,,,CCA_07_MEAL,"Monitoring, Evaluation, Accountability, and Learning",0,,,0,0,0,0,,,0,7,0,0,0,
CAS_CSO_023_DIG,ASM_CSO_023_BASE,CSO_023,CSO-023,CSO 023,COH_BASE_2026,,,CCA_08_DIG,Digital Skills and Data Use / IT Competencies,0,,,0,0,0,0,,,0,7,0,0,0,
CAS_CSO_023_NET,ASM_CSO_023_BASE,CSO_023,CSO-023,CSO 023,COH_BASE_2026,,,CCA_09_NET,"Networking, Partnerships, and Collective Action",0,,,0,0,0,0,,,0,7,0,0,0,
CAS_CSO_024_GOV,ASM_CSO_024_BASE,CSO_024,CSO-024,CSO 024,COH_BASE_2026,,,CCA_01_GOV,Internal Governance and Leadership,0,,,0,0,0,0,,,0,7,0,0,0,
CAS_CSO_024_ACC,ASM_CSO_024_BASE,CSO_024,CSO-024,CSO 024,COH_BASE_2026,,,CCA_02_ACC,Transparency and Accountability,0,,,0,0,0,0,,,0,7,0,0,0,
CAS_CSO_024_STR,ASM_CSO_024_BASE,CSO_024,CSO-024,CSO 024,COH_BASE_2026,,,CCA_03_STR,Strategic Planning and Organizational Sustainability,0,,,0,0,0,0,,,0,7,0,0,0,
CAS_CSO_024_FIN,ASM_CSO_024_BASE,CSO_024,CSO-024,CSO 024,COH_BASE_2026,,,CCA_04_FIN,Financial Management and Resource Mobilization,0,,,0,0,0,0,,,0,7,0,0,0,
CAS_CSO_024_HR,ASM_CSO_024_BASE,CSO_024,CSO-024,CSO 024,COH_BASE_2026,,,CCA_05_HR,"Human Resources, Inclusion, and Safeguarding",0,,,0,0,0,0,,,0,8,0,0,0,
CAS_CSO_024_ADV,ASM_CSO_024_BASE,CSO_024,CSO-024,CSO 024,COH_BASE_2026,,,CCA_06_ADV,Evidence-Based Advocacy and Civic Engagement,0,,,0,0,0,0,,,0,7,0,0,0,
CAS_CSO_024_MEAL,ASM_CSO_024_BASE,CSO_024,CSO-024,CSO 024,COH_BASE_2026,,,CCA_07_MEAL,"Monitoring, Evaluation, Accountability, and Learning",0,,,0,0,0,0,,,0,7,0,0,0,
CAS_CSO_024_DIG,ASM_CSO_024_BASE,CSO_024,CSO-024,CSO 024,COH_BASE_2026,,,CCA_08_DIG,Digital Skills and Data Use / IT Competencies,0,,,0,0,0,0,,,0,7,0,0,0,
CAS_CSO_024_NET,ASM_CSO_024_BASE,CSO_024,CSO-024,CSO 024,COH_BASE_2026,,,CCA_09_NET,"Networking, Partnerships, and Collective Action",0,,,0,0,0,0,,,0,7,0,0,0,
CAS_CSO_025_GOV,ASM_CSO_025_BASE,CSO_025,CSO-025,CSO 025,COH_BASE_2026,,,CCA_01_GOV,Internal Governance and Leadership,0,,,0,0,0,0,,,0,7,0,0,0,
CAS_CSO_025_ACC,ASM_CSO_025_BASE,CSO_025,CSO-025,CSO 025,COH_BASE_2026,,,CCA_02_ACC,Transparency and Accountability,0,,,0,0,0,0,,,0,7,0,0,0,
CAS_CSO_025_STR,ASM_CSO_025_BASE,CSO_025,CSO-025,CSO 025,COH_BASE_2026,,,CCA_03_STR,Strategic Planning and Organizational Sustainability,0,,,0,0,0,0,,,0,7,0,0,0,
CAS_CSO_025_FIN,ASM_CSO_025_BASE,CSO_025,CSO-025,CSO 025,COH_BASE_2026,,,CCA_04_FIN,Financial Management and Resource Mobilization,0,,,0,0,0,0,,,0,7,0,0,0,
CAS_CSO_025_HR,ASM_CSO_025_BASE,CSO_025,CSO-025,CSO 025,COH_BASE_2026,,,CCA_05_HR,"Human Resources, Inclusion, and Safeguarding",0,,,0,0,0,0,,,0,8,0,0,0,
CAS_CSO_025_ADV,ASM_CSO_025_BASE,CSO_025,CSO-025,CSO 025,COH_BASE_2026,,,CCA_06_ADV,Evidence-Based Advocacy and Civic Engagement,0,,,0,0,0,0,,,0,7,0,0,0,
CAS_CSO_025_MEAL,ASM_CSO_025_BASE,CSO_025,CSO-025,CSO 025,COH_BASE_2026,,,CCA_07_MEAL,"Monitoring, Evaluation, Accountability, and Learning",0,,,0,0,0,0,,,0,7,0,0,0,
CAS_CSO_025_DIG,ASM_CSO_025_BASE,CSO_025,CSO-025,CSO 025,COH_BASE_2026,,,CCA_08_DIG,Digital Skills and Data Use / IT Competencies,0,,,0,0,0,0,,,0,7,0,0,0,
CAS_CSO_025_NET,ASM_CSO_025_BASE,CSO_025,CSO-025,CSO 025,COH_BASE_2026,,,CCA_09_NET,"Networking, Partnerships, and Collective Action",0,,,0,0,0,0,,,0,7,0,0,0,
CAS_CSO_026_GOV,ASM_CSO_026_BASE,CSO_026,CSO-026,CSO 026,COH_BASE_2026,,,CCA_01_GOV,Internal Governance and Leadership,0,,,0,0,0,0,,,0,7,0,0,0,
CAS_CSO_026_ACC,ASM_CSO_026_BASE,CSO_026,CSO-026,CSO 026,COH_BASE_2026,,,CCA_02_ACC,Transparency and Accountability,0,,,0,0,0,0,,,0,7,0,0,0,
CAS_CSO_026_STR,ASM_CSO_026_BASE,CSO_026,CSO-026,CSO 026,COH_BASE_2026,,,CCA_03_STR,Strategic Planning and Organizational Sustainability,0,,,0,0,0,0,,,0,7,0,0,0,
CAS_CSO_026_FIN,ASM_CSO_026_BASE,CSO_026,CSO-026,CSO 026,COH_BASE_2026,,,CCA_04_FIN,Financial Management and Resource Mobilization,0,,,0,0,0,0,,,0,7,0,0,0,
CAS_CSO_026_HR,ASM_CSO_026_BASE,CSO_026,CSO-026,CSO 026,COH_BASE_2026,,,CCA_05_HR,"Human Resources, Inclusion, and Safeguarding",0,,,0,0,0,0,,,0,8,0,0,0,
CAS_CSO_026_ADV,ASM_CSO_026_BASE,CSO_026,CSO-026,CSO 026,COH_BASE_2026,,,CCA_06_ADV,Evidence-Based Advocacy and Civic Engagement,0,,,0,0,0,0,,,0,7,0,0,0,
CAS_CSO_026_MEAL,ASM_CSO_026_BASE,CSO_026,CSO-026,CSO 026,COH_BASE_2026,,,CCA_07_MEAL,"Monitoring, Evaluation, Accountability, and Learning",0,,,0,0,0,0,,,0,7,0,0,0,
CAS_CSO_026_DIG,ASM_CSO_026_BASE,CSO_026,CSO-026,CSO 026,COH_BASE_2026,,,CCA_08_DIG,Digital Skills and Data Use / IT Competencies,0,,,0,0,0,0,,,0,7,0,0,0,
CAS_CSO_026_NET,ASM_CSO_026_BASE,CSO_026,CSO-026,CSO 026,COH_BASE_2026,,,CCA_09_NET,"Networking, Partnerships, and Collective Action",0,,,0,0,0,0,,,0,7,0,0,0,
CAS_CSO_027_GOV,ASM_CSO_027_BASE,CSO_027,CSO-027,CSO 027,COH_BASE_2026,,,CCA_01_GOV,Internal Governance and Leadership,0,,,0,0,0,0,,,0,7,0,0,0,
CAS_CSO_027_ACC,ASM_CSO_027_BASE,CSO_027,CSO-027,CSO 027,COH_BASE_2026,,,CCA_02_ACC,Transparency and Accountability,0,,,0,0,0,0,,,0,7,0,0,0,
CAS_CSO_027_STR,ASM_CSO_027_BASE,CSO_027,CSO-027,CSO 027,COH_BASE_2026,,,CCA_03_STR,Strategic Planning and Organizational Sustainability,0,,,0,0,0,0,,,0,7,0,0,0,
CAS_CSO_027_FIN,ASM_CSO_027_BASE,CSO_027,CSO-027,CSO 027,COH_BASE_2026,,,CCA_04_FIN,Financial Management and Resource Mobilization,0,,,0,0,0,0,,,0,7,0,0,0,
CAS_CSO_027_HR,ASM_CSO_027_BASE,CSO_027,CSO-027,CSO 027,COH_BASE_2026,,,CCA_05_HR,"Human Resources, Inclusion, and Safeguarding",0,,,0,0,0,0,,,0,8,0,0,0,
CAS_CSO_027_ADV,ASM_CSO_027_BASE,CSO_027,CSO-027,CSO 027,COH_BASE_2026,,,CCA_06_ADV,Evidence-Based Advocacy and Civic Engagement,0,,,0,0,0,0,,,0,7,0,0,0,
CAS_CSO_027_MEAL,ASM_CSO_027_BASE,CSO_027,CSO-027,CSO 027,COH_BASE_2026,,,CCA_07_MEAL,"Monitoring, Evaluation, Accountability, and Learning",0,,,0,0,0,0,,,0,7,0,0,0,
CAS_CSO_027_DIG,ASM_CSO_027_BASE,CSO_027,CSO-027,CSO 027,COH_BASE_2026,,,CCA_08_DIG,Digital Skills and Data Use / IT Competencies,0,,,0,0,0,0,,,0,7,0,0,0,
CAS_CSO_027_NET,ASM_CSO_027_BASE,CSO_027,CSO-027,CSO 027,COH_BASE_2026,,,CCA_09_NET,"Networking, Partnerships, and Collective Action",0,,,0,0,0,0,,,0,7,0,0,0,
CAS_CSO_028_GOV,ASM_CSO_028_BASE,CSO_028,CSO-028,CSO 028,COH_BASE_2026,,,CCA_01_GOV,Internal Governance and Leadership,0,,,0,0,0,0,,,0,7,0,0,0,
CAS_CSO_028_ACC,ASM_CSO_028_BASE,CSO_028,CSO-028,CSO 028,COH_BASE_2026,,,CCA_02_ACC,Transparency and Accountability,0,,,0,0,0,0,,,0,7,0,0,0,
CAS_CSO_028_STR,ASM_CSO_028_BASE,CSO_028,CSO-028,CSO 028,COH_BASE_2026,,,CCA_03_STR,Strategic Planning and Organizational Sustainability,0,,,0,0,0,0,,,0,7,0,0,0,
CAS_CSO_028_FIN,ASM_CSO_028_BASE,CSO_028,CSO-028,CSO 028,COH_BASE_2026,,,CCA_04_FIN,Financial Management and Resource Mobilization,0,,,0,0,0,0,,,0,7,0,0,0,
CAS_CSO_028_HR,ASM_CSO_028_BASE,CSO_028,CSO-028,CSO 028,COH_BASE_2026,,,CCA_05_HR,"Human Resources, Inclusion, and Safeguarding",0,,,0,0,0,0,,,0,8,0,0,0,
CAS_CSO_028_ADV,ASM_CSO_028_BASE,CSO_028,CSO-028,CSO 028,COH_BASE_2026,,,CCA_06_ADV,Evidence-Based Advocacy and Civic Engagement,0,,,0,0,0,0,,,0,7,0,0,0,
CAS_CSO_028_MEAL,ASM_CSO_028_BASE,CSO_028,CSO-028,CSO 028,COH_BASE_2026,,,CCA_07_MEAL,"Monitoring, Evaluation, Accountability, and Learning",0,,,0,0,0,0,,,0,7,0,0,0,
CAS_CSO_028_DIG,ASM_CSO_028_BASE,CSO_028,CSO-028,CSO 028,COH_BASE_2026,,,CCA_08_DIG,Digital Skills and Data Use / IT Competencies,0,,,0,0,0,0,,,0,7,0,0,0,
CAS_CSO_028_NET,ASM_CSO_028_BASE,CSO_028,CSO-028,CSO 028,COH_BASE_2026,,,CCA_09_NET,"Networking, Partnerships, and Collective Action",0,,,0,0,0,0,,,0,7,0,0,0,
CAS_CSO_029_GOV,ASM_CSO_029_BASE,CSO_029,CSO-029,CSO 029,COH_BASE_2026,,,CCA_01_GOV,Internal Governance and Leadership,0,,,0,0,0,0,,,0,7,0,0,0,
CAS_CSO_029_ACC,ASM_CSO_029_BASE,CSO_029,CSO-029,CSO 029,COH_BASE_2026,,,CCA_02_ACC,Transparency and Accountability,0,,,0,0,0,0,,,0,7,0,0,0,
CAS_CSO_029_STR,ASM_CSO_029_BASE,CSO_029,CSO-029,CSO 029,COH_BASE_2026,,,CCA_03_STR,Strategic Planning and Organizational Sustainability,0,,,0,0,0,0,,,0,7,0,0,0,
CAS_CSO_029_FIN,ASM_CSO_029_BASE,CSO_029,CSO-029,CSO 029,COH_BASE_2026,,,CCA_04_FIN,Financial Management and Resource Mobilization,0,,,0,0,0,0,,,0,7,0,0,0,
CAS_CSO_029_HR,ASM_CSO_029_BASE,CSO_029,CSO-029,CSO 029,COH_BASE_2026,,,CCA_05_HR,"Human Resources, Inclusion, and Safeguarding",0,,,0,0,0,0,,,0,8,0,0,0,
CAS_CSO_029_ADV,ASM_CSO_029_BASE,CSO_029,CSO-029,CSO 029,COH_BASE_2026,,,CCA_06_ADV,Evidence-Based Advocacy and Civic Engagement,0,,,0,0,0,0,,,0,7,0,0,0,
CAS_CSO_029_MEAL,ASM_CSO_029_BASE,CSO_029,CSO-029,CSO 029,COH_BASE_2026,,,CCA_07_MEAL,"Monitoring, Evaluation, Accountability, and Learning",0,,,0,0,0,0,,,0,7,0,0,0,
CAS_CSO_029_DIG,ASM_CSO_029_BASE,CSO_029,CSO-029,CSO 029,COH_BASE_2026,,,CCA_08_DIG,Digital Skills and Data Use / IT Competencies,0,,,0,0,0,0,,,0,7,0,0,0,
CAS_CSO_029_NET,ASM_CSO_029_BASE,CSO_029,CSO-029,CSO 029,COH_BASE_2026,,,CCA_09_NET,"Networking, Partnerships, and Collective Action",0,,,0,0,0,0,,,0,7,0,0,0,
CAS_CSO_030_GOV,ASM_CSO_030_BASE,CSO_030,CSO-030,CSO 030,COH_BASE_2026,,,CCA_01_GOV,Internal Governance and Leadership,0,,,0,0,0,0,,,0,7,0,0,0,
CAS_CSO_030_ACC,ASM_CSO_030_BASE,CSO_030,CSO-030,CSO 030,COH_BASE_2026,,,CCA_02_ACC,Transparency and Accountability,0,,,0,0,0,0,,,0,7,0,0,0,
CAS_CSO_030_STR,ASM_CSO_030_BASE,CSO_030,CSO-030,CSO 030,COH_BASE_2026,,,CCA_03_STR,Strategic Planning and Organizational Sustainability,0,,,0,0,0,0,,,0,7,0,0,0,
CAS_CSO_030_FIN,ASM_CSO_030_BASE,CSO_030,CSO-030,CSO 030,COH_BASE_2026,,,CCA_04_FIN,Financial Management and Resource Mobilization,0,,,0,0,0,0,,,0,7,0,0,0,
CAS_CSO_030_HR,ASM_CSO_030_BASE,CSO_030,CSO-030,CSO 030,COH_BASE_2026,,,CCA_05_HR,"Human Resources, Inclusion, and Safeguarding",0,,,0,0,0,0,,,0,8,0,0,0,
CAS_CSO_030_ADV,ASM_CSO_030_BASE,CSO_030,CSO-030,CSO 030,COH_BASE_2026,,,CCA_06_ADV,Evidence-Based Advocacy and Civic Engagement,0,,,0,0,0,0,,,0,7,0,0,0,
CAS_CSO_030_MEAL,ASM_CSO_030_BASE,CSO_030,CSO-030,CSO 030,COH_BASE_2026,,,CCA_07_MEAL,"Monitoring, Evaluation, Accountability, and Learning",0,,,0,0,0,0,,,0,7,0,0,0,
CAS_CSO_030_DIG,ASM_CSO_030_BASE,CSO_030,CSO-030,CSO 030,COH_BASE_2026,,,CCA_08_DIG,Digital Skills and Data Use / IT Competencies,0,,,0,0,0,0,,,0,7,0,0,0,
CAS_CSO_030_NET,ASM_CSO_030_BASE,CSO_030,CSO-030,CSO 030,COH_BASE_2026,,,CCA_09_NET,"Networking, Partnerships, and Collective Action",0,,,0,0,0,0,,,0,7,0,0,0,
CAS_CSO_031_GOV,ASM_CSO_031_BASE,CSO_031,CSO-031,CSO 031,COH_BASE_2026,,,CCA_01_GOV,Internal Governance and Leadership,0,,,0,0,0,0,,,0,7,0,0,0,
CAS_CSO_031_ACC,ASM_CSO_031_BASE,CSO_031,CSO-031,CSO 031,COH_BASE_2026,,,CCA_02_ACC,Transparency and Accountability,0,,,0,0,0,0,,,0,7,0,0,0,
CAS_CSO_031_STR,ASM_CSO_031_BASE,CSO_031,CSO-031,CSO 031,COH_BASE_2026,,,CCA_03_STR,Strategic Planning and Organizational Sustainability,0,,,0,0,0,0,,,0,7,0,0,0,
CAS_CSO_031_FIN,ASM_CSO_031_BASE,CSO_031,CSO-031,CSO 031,COH_BASE_2026,,,CCA_04_FIN,Financial Management and Resource Mobilization,0,,,0,0,0,0,,,0,7,0,0,0,
CAS_CSO_031_HR,ASM_CSO_031_BASE,CSO_031,CSO-031,CSO 031,COH_BASE_2026,,,CCA_05_HR,"Human Resources, Inclusion, and Safeguarding",0,,,0,0,0,0,,,0,8,0,0,0,
CAS_CSO_031_ADV,ASM_CSO_031_BASE,CSO_031,CSO-031,CSO 031,COH_BASE_2026,,,CCA_06_ADV,Evidence-Based Advocacy and Civic Engagement,0,,,0,0,0,0,,,0,7,0,0,0,
CAS_CSO_031_MEAL,ASM_CSO_031_BASE,CSO_031,CSO-031,CSO 031,COH_BASE_2026,,,CCA_07_MEAL,"Monitoring, Evaluation, Accountability, and Learning",0,,,0,0,0,0,,,0,7,0,0,0,
CAS_CSO_031_DIG,ASM_CSO_031_BASE,CSO_031,CSO-031,CSO 031,COH_BASE_2026,,,CCA_08_DIG,Digital Skills and Data Use / IT Competencies,0,,,0,0,0,0,,,0,7,0,0,0,
CAS_CSO_031_NET,ASM_CSO_031_BASE,CSO_031,CSO-031,CSO 031,COH_BASE_2026,,,CCA_09_NET,"Networking, Partnerships, and Collective Action",0,,,0,0,0,0,,,0,7,0,0,0,
CAS_CSO_032_GOV,ASM_CSO_032_BASE,CSO_032,CSO-032,CSO 032,COH_BASE_2026,,,CCA_01_GOV,Internal Governance and Leadership,0,,,0,0,0,0,,,0,7,0,0,0,
CAS_CSO_032_ACC,ASM_CSO_032_BASE,CSO_032,CSO-032,CSO 032,COH_BASE_2026,,,CCA_02_ACC,Transparency and Accountability,0,,,0,0,0,0,,,0,7,0,0,0,
CAS_CSO_032_STR,ASM_CSO_032_BASE,CSO_032,CSO-032,CSO 032,COH_BASE_2026,,,CCA_03_STR,Strategic Planning and Organizational Sustainability,0,,,0,0,0,0,,,0,7,0,0,0,
CAS_CSO_032_FIN,ASM_CSO_032_BASE,CSO_032,CSO-032,CSO 032,COH_BASE_2026,,,CCA_04_FIN,Financial Management and Resource Mobilization,0,,,0,0,0,0,,,0,7,0,0,0,
CAS_CSO_032_HR,ASM_CSO_032_BASE,CSO_032,CSO-032,CSO 032,COH_BASE_2026,,,CCA_05_HR,"Human Resources, Inclusion, and Safeguarding",0,,,0,0,0,0,,,0,8,0,0,0,
CAS_CSO_032_ADV,ASM_CSO_032_BASE,CSO_032,CSO-032,CSO 032,COH_BASE_2026,,,CCA_06_ADV,Evidence-Based Advocacy and Civic Engagement,0,,,0,0,0,0,,,0,7,0,0,0,
CAS_CSO_032_MEAL,ASM_CSO_032_BASE,CSO_032,CSO-032,CSO 032,COH_BASE_2026,,,CCA_07_MEAL,"Monitoring, Evaluation, Accountability, and Learning",0,,,0,0,0,0,,,0,7,0,0,0,
CAS_CSO_032_DIG,ASM_CSO_032_BASE,CSO_032,CSO-032,CSO 032,COH_BASE_2026,,,CCA_08_DIG,Digital Skills and Data Use / IT Competencies,0,,,0,0,0,0,,,0,7,0,0,0,
CAS_CSO_032_NET,ASM_CSO_032_BASE,CSO_032,CSO-032,CSO 032,COH_BASE_2026,,,CCA_09_NET,"Networking, Partnerships, and Collective Action",0,,,0,0,0,0,,,0,7,0,0,0,
CAS_CSO_033_GOV,ASM_CSO_033_BASE,CSO_033,CSO-033,CSO 033,COH_BASE_2026,,,CCA_01_GOV,Internal Governance and Leadership,0,,,0,0,0,0,,,0,7,0,0,0,
CAS_CSO_033_ACC,ASM_CSO_033_BASE,CSO_033,CSO-033,CSO 033,COH_BASE_2026,,,CCA_02_ACC,Transparency and Accountability,0,,,0,0,0,0,,,0,7,0,0,0,
CAS_CSO_033_STR,ASM_CSO_033_BASE,CSO_033,CSO-033,CSO 033,COH_BASE_2026,,,CCA_03_STR,Strategic Planning and Organizational Sustainability,0,,,0,0,0,0,,,0,7,0,0,0,
CAS_CSO_033_FIN,ASM_CSO_033_BASE,CSO_033,CSO-033,CSO 033,COH_BASE_2026,,,CCA_04_FIN,Financial Management and Resource Mobilization,0,,,0,0,0,0,,,0,7,0,0,0,
CAS_CSO_033_HR,ASM_CSO_033_BASE,CSO_033,CSO-033,CSO 033,COH_BASE_2026,,,CCA_05_HR,"Human Resources, Inclusion, and Safeguarding",0,,,0,0,0,0,,,0,8,0,0,0,
CAS_CSO_033_ADV,ASM_CSO_033_BASE,CSO_033,CSO-033,CSO 033,COH_BASE_2026,,,CCA_06_ADV,Evidence-Based Advocacy and Civic Engagement,0,,,0,0,0,0,,,0,7,0,0,0,
CAS_CSO_033_MEAL,ASM_CSO_033_BASE,CSO_033,CSO-033,CSO 033,COH_BASE_2026,,,CCA_07_MEAL,"Monitoring, Evaluation, Accountability, and Learning",0,,,0,0,0,0,,,0,7,0,0,0,
CAS_CSO_033_DIG,ASM_CSO_033_BASE,CSO_033,CSO-033,CSO 033,COH_BASE_2026,,,CCA_08_DIG,Digital Skills and Data Use / IT Competencies,0,,,0,0,0,0,,,0,7,0,0,0,
CAS_CSO_033_NET,ASM_CSO_033_BASE,CSO_033,CSO-033,CSO 033,COH_BASE_2026,,,CCA_09_NET,"Networking, Partnerships, and Collective Action",0,,,0,0,0,0,,,0,7,0,0,0,